order_id,order_date,region,product,channel,customer_type,units,unit_price,discount_pct,revenue,sessions_attributed
ORD-01020,2025-01-01,South,Keyboard,Mobile App,Returning,4,46.56,0.15,158.32,5
ORD-00421,2025-01-01,North,Tablet,Mobile App,Returning,4,295.92,0.0,1183.69,6
ORD-00774,2025-01-01,South,Tablet,Marketplace,New,4,321.13,0.1,1156.08,1
ORD-01112,2025-01-02,Central,Laptop,Marketplace,New,3,850.59,0.15,2169.0,4
ORD-00429,2025-01-02,Central,Keyboard,Marketplace,New,2,47.01,0.0,94.03,5
ORD-00545,2025-01-02,North,Headphones,Retail Store,New,3,78.19,0.05,222.85,1
ORD-00805,2025-01-02,Central,Headphones,Website,Returning,4,80.27,0.05,305.03,2
ORD-00648,2025-01-02,South,Laptop,Retail Store,New,3,879.96,0.2,2111.89,3
ORD-00773,2025-01-03,East,Tablet,Website,New,2,349.77,0.05,664.57,5
ORD-00038,2025-01-03,North,Smartphone,Retail Store,New,1,512.81,0.05,487.17,1
ORD-00590,2025-01-03,South,Monitor,Retail Store,New,1,182.9,0.1,164.61,5
ORD-01192,2025-01-03,South,Headphones,Retail Store,New,2,72.69,0.05,138.11,6
ORD-00363,2025-01-03,East,Tablet,Retail Store,New,2,323.75,0.05,615.12,4
ORD-00095,2025-01-04,East,Smartphone,Marketplace,New,1,475.96,0.1,428.36,4
ORD-01064,2025-01-05,Central,Monitor,Mobile App,Returning,2,229.1,0.05,435.29,5
ORD-00428,2025-01-05,East,Laptop,Website,New,1,793.49,0.1,714.14,4
ORD-00880,2025-01-06,Central,Smartphone,Mobile App,New,1,486.77,0.15,413.76,4
ORD-00634,2025-01-07,South,Headphones,Retail Store,Returning,3,77.93,0.1,210.4,5
ORD-01115,2025-01-07,South,Keyboard,Retail Store,Returning,1,48.47,0.0,48.47,2
ORD-00490,2025-01-07,Central,Keyboard,Website,New,4,41.09,0.1,147.93,6
ORD-00243,2025-01-08,North,Headphones,Marketplace,New,1,90.49,0.0,90.49,5
ORD-00564,2025-01-08,West,Smartphone,Mobile App,Returning,4,508.2,0.1,1829.51,6
ORD-01148,2025-01-08,West,Monitor,Retail Store,Returning,1,247.5,0.0,247.5,2
ORD-00207,2025-01-09,East,Smartphone,Website,New,3,465.18,0.15,1186.22,2
ORD-00607,2025-01-10,Central,Headphones,Marketplace,New,4,78.19,0.15,265.85,2
ORD-00913,2025-01-10,South,Laptop,Mobile App,Returning,4,728.56,0.15,2477.1,3
ORD-00023,2025-01-10,South,Smartphone,Retail Store,Returning,1,461.79,0.15,392.52,4
ORD-00132,2025-01-10,West,Tablet,Retail Store,New,3,326.85,0.1,882.49,2
ORD-00075,2025-01-11,West,Keyboard,Website,New,1,48.51,0.0,48.51,5
ORD-01100,2025-01-11,East,Monitor,Mobile App,Returning,1,237.55,0.1,213.79,1
ORD-00316,2025-01-11,West,Headphones,Website,Returning,1,83.86,0.0,83.86,3
ORD-00484,2025-01-12,South,Smartphone,Website,Returning,4,539.67,0.15,1834.87,6
ORD-00838,2025-01-12,North,Keyboard,Marketplace,Returning,3,43.0,0.15,109.64,1
ORD-00582,2025-01-13,West,Monitor,Mobile App,Returning,3,249.04,0.1,672.41,3
ORD-00692,2025-01-13,South,Keyboard,Website,New,4,40.25,0.2,128.79,3
ORD-00889,2025-01-13,South,Headphones,Mobile App,Returning,3,86.03,0.1,232.27,5
ORD-00343,2025-01-13,South,Headphones,Mobile App,Returning,3,82.15,0.2,197.16,1
ORD-01193,2025-01-14,Central,Headphones,Retail Store,Returning,1,79.9,0.05,75.91,1
ORD-00597,2025-01-14,East,Headphones,Website,Returning,4,78.59,0.0,314.37,1
ORD-00644,2025-01-15,West,Headphones,Website,Returning,3,80.41,0.0,241.24,4
ORD-00473,2025-01-15,South,Laptop,Website,Returning,1,701.85,0.05,666.76,2
ORD-01184,2025-01-15,South,Tablet,Mobile App,Returning,4,336.29,0.1,1210.64,4
ORD-01163,2025-01-16,North,Laptop,Website,Returning,3,838.6,0.05,2390.0,6
ORD-00382,2025-01-16,South,Headphones,Mobile App,New,2,83.73,0.1,150.71,2
ORD-00120,2025-01-16,Central,Laptop,Website,Returning,2,859.27,0.05,1632.62,6
ORD-00481,2025-01-17,North,Headphones,Website,Returning,4,71.48,0.05,271.61,5
ORD-00966,2025-01-17,North,Keyboard,Mobile App,Returning,2,46.04,0.0,92.08,5
ORD-00994,2025-01-17,Central,Laptop,Retail Store,Returning,2,723.19,0.05,1374.05,2
ORD-00402,2025-01-17,North,Keyboard,Retail Store,Returning,4,44.51,0.05,169.15,1
ORD-01132,2025-01-17,North,Tablet,Website,Returning,3,307.4,0.2,737.75,6
ORD-00991,2025-01-17,East,Monitor,Mobile App,Returning,1,226.39,0.1,203.75,5
ORD-00664,2025-01-18,North,Headphones,Website,Returning,4,90.18,0.0,360.73,6
ORD-00649,2025-01-19,Central,Laptop,Marketplace,New,1,800.82,0.05,760.78,1
ORD-00704,2025-01-20,East,Tablet,Mobile App,New,3,333.55,0.1,900.59,6
ORD-00986,2025-01-20,East,Monitor,Retail Store,Returning,2,245.43,0.1,441.78,5
ORD-00985,2025-01-21,South,Smartphone,Mobile App,New,2,530.04,0.0,1060.08,2
ORD-01174,2025-01-21,South,Smartphone,Marketplace,Returning,1,507.49,0.0,507.49,5
ORD-00854,2025-01-21,North,Smartphone,Website,New,2,484.98,0.05,921.46,3
ORD-00618,2025-01-22,Central,Smartphone,Website,New,1,475.48,0.05,451.71,6
ORD-00220,2025-01-22,East,Laptop,Mobile App,Returning,2,785.79,0.0,1571.58,2
ORD-00292,2025-01-22,East,Smartphone,Marketplace,Returning,2,489.34,0.15,831.87,1
ORD-00710,2025-01-22,East,Smartphone,Website,New,1,559.53,0.0,559.53,1
ORD-00758,2025-01-22,West,Smartphone,Mobile App,Returning,4,547.83,0.0,2191.34,4
ORD-01137,2025-01-23,West,Laptop,Mobile App,Returning,2,811.53,0.0,1623.06,3
ORD-00253,2025-01-23,Central,Keyboard,Retail Store,Returning,2,38.24,0.1,68.83,6
ORD-00651,2025-01-23,North,Headphones,Website,Returning,2,87.74,0.05,166.7,3
ORD-00328,2025-01-24,East,Tablet,Mobile App,New,2,291.42,0.1,524.56,1
ORD-00386,2025-01-24,West,Tablet,Mobile App,Returning,3,358.63,0.0,1075.88,6
ORD-00242,2025-01-25,West,Tablet,Marketplace,Returning,3,339.38,0.0,1018.14,6
ORD-00430,2025-01-25,North,Monitor,Mobile App,New,4,232.68,0.1,837.66,4
ORD-01013,2025-01-25,North,Smartphone,Mobile App,New,2,520.48,0.0,1040.96,4
ORD-01022,2025-01-26,South,Headphones,Website,New,2,82.39,0.1,148.3,4
ORD-01107,2025-01-26,East,Smartphone,Retail Store,Returning,4,534.81,0.1,1925.31,3
ORD-01037,2025-01-26,North,Tablet,Retail Store,Returning,1,284.7,0.05,270.47,1
ORD-00457,2025-01-27,North,Tablet,Retail Store,Returning,3,347.36,0.0,1042.08,2
ORD-00354,2025-01-27,Central,Headphones,Marketplace,New,2,79.18,0.1,142.53,6
ORD-00043,2025-01-28,North,Headphones,Marketplace,Returning,1,91.78,0.1,82.61,2
ORD-00197,2025-01-29,North,Smartphone,Website,Returning,4,491.95,0.0,1967.8,3
ORD-01197,2025-01-30,North,Headphones,Website,Returning,1,78.55,0.15,66.77,2
ORD-01156,2025-01-30,South,Keyboard,Marketplace,Returning,1,44.28,0.1,39.85,5
ORD-00069,2025-01-30,East,Tablet,Retail Store,New,1,308.74,0.2,246.99,6
ORD-01096,2025-01-31,East,Headphones,Mobile App,Returning,1,86.28,0.1,77.65,1
ORD-00175,2025-01-31,Central,Smartphone,Marketplace,New,1,416.38,0.2,333.11,4
ORD-00375,2025-01-31,Central,Headphones,Retail Store,New,4,89.44,0.0,357.77,4
ORD-00927,2025-02-01,West,Headphones,Mobile App,Returning,2,83.9,0.15,142.63,6
ORD-00320,2025-02-01,North,Smartphone,Marketplace,Returning,1,486.25,0.15,413.32,4
ORD-00529,2025-02-02,Central,Laptop,Website,Returning,1,829.3,0.05,787.83,5
ORD-00065,2025-02-02,Central,Headphones,Mobile App,Returning,3,97.3,0.05,277.31,1
ORD-00431,2025-02-03,South,Laptop,Marketplace,New,2,697.28,0.05,1324.84,4
ORD-00954,2025-02-03,East,Smartphone,Website,New,2,534.65,0.15,908.9,2
ORD-00921,2025-02-04,North,Keyboard,Marketplace,Returning,4,44.86,0.2,143.54,3
ORD-00365,2025-02-04,Central,Monitor,Retail Store,New,1,251.63,0.2,201.3,3
ORD-00639,2025-02-04,South,Smartphone,Website,New,1,493.45,0.15,419.43,4
ORD-00111,2025-02-04,North,Headphones,Retail Store,Returning,3,84.37,0.15,215.14,4
ORD-00205,2025-02-04,East,Headphones,Marketplace,Returning,1,93.53,0.05,88.86,1
ORD-00984,2025-02-05,East,Laptop,Website,Returning,2,813.84,0.05,1546.3,2
ORD-00547,2025-02-05,West,Headphones,Retail Store,Returning,3,82.1,0.1,221.67,6
ORD-00751,2025-02-05,West,Headphones,Marketplace,New,4,79.07,0.1,284.66,6
ORD-00636,2025-02-06,West,Smartphone,Mobile App,New,4,543.7,0.1,1957.32,6
ORD-00265,2025-02-06,West,Headphones,Retail Store,New,1,84.43,0.05,80.21,2
ORD-00272,2025-02-06,Central,Tablet,Mobile App,Returning,3,267.87,0.1,723.26,2
ORD-00749,2025-02-06,East,Tablet,Mobile App,Returning,3,345.27,0.0,1035.81,1
ORD-01019,2025-02-07,West,Headphones,Marketplace,Returning,4,83.9,0.0,335.6,2
ORD-00393,2025-02-07,East,Laptop,Retail Store,Returning,4,762.74,0.1,2745.88,5
ORD-00100,2025-02-08,West,Keyboard,Mobile App,Returning,4,40.27,0.0,161.09,3
ORD-01077,2025-02-08,Central,Tablet,Website,Returning,3,353.15,0.1,953.52,2
ORD-00747,2025-02-08,North,Laptop,Mobile App,Returning,3,804.55,0.15,2051.59,6
ORD-00941,2025-02-08,West,Smartphone,Website,Returning,3,525.86,0.05,1498.7,1
ORD-00187,2025-02-09,South,Smartphone,Website,New,1,520.38,0.0,520.38,2
ORD-01072,2025-02-09,North,Laptop,Retail Store,Returning,3,722.52,0.0,2167.57,1
ORD-00104,2025-02-10,Central,Monitor,Website,Returning,3,272.48,0.15,694.82,1
ORD-00262,2025-02-10,South,Headphones,Retail Store,Returning,2,91.84,0.0,183.68,3
ORD-00388,2025-02-11,Central,Smartphone,Mobile App,New,3,507.19,0.0,1521.56,4
ORD-00652,2025-02-11,West,Tablet,Retail Store,Returning,2,346.43,0.1,623.58,6
ORD-00959,2025-02-12,East,Headphones,Website,New,1,95.97,0.15,81.58,4
ORD-00893,2025-02-12,South,Laptop,Website,New,4,733.84,0.05,2788.59,5
ORD-00792,2025-02-13,East,Smartphone,Mobile App,Returning,1,629.53,0.0,629.53,2
ORD-00767,2025-02-14,West,Monitor,Mobile App,Returning,1,245.95,0.1,221.35,3
ORD-00178,2025-02-14,Central,Smartphone,Website,New,4,488.45,0.15,1660.72,3
ORD-00759,2025-02-16,South,Keyboard,Retail Store,Returning,2,49.43,0.05,93.92,2
ORD-00459,2025-02-17,West,Smartphone,Retail Store,Returning,1,483.15,0.05,458.99,4
ORD-00988,2025-02-17,South,Smartphone,Marketplace,Returning,2,556.07,0.15,945.32,2
ORD-00813,2025-02-17,Central,Headphones,Retail Store,Returning,1,88.32,0.2,70.66,4
ORD-01088,2025-02-17,West,Laptop,Website,Returning,2,767.42,0.2,1227.87,3
ORD-00714,2025-02-17,South,Monitor,Retail Store,New,3,238.96,0.05,681.03,3
ORD-00614,2025-02-17,North,Laptop,Mobile App,Returning,3,817.81,0.1,2208.08,2
ORD-00895,2025-02-18,South,Laptop,Retail Store,New,3,748.4,0.1,2020.69,6
ORD-00055,2025-02-18,South,Headphones,Marketplace,Returning,3,71.41,0.0,214.24,1
ORD-00851,2025-02-18,East,Headphones,Retail Store,Returning,2,81.02,0.1,145.84,4
ORD-01180,2025-02-18,North,Laptop,Retail Store,Returning,3,767.88,0.15,1958.1,5
ORD-00996,2025-02-18,North,Monitor,Mobile App,New,3,252.34,0.05,719.17,1
ORD-01081,2025-02-18,East,Monitor,Marketplace,Returning,1,250.42,0.2,200.33,2
ORD-00498,2025-02-18,South,Headphones,Marketplace,New,2,79.41,0.1,142.94,6
ORD-00061,2025-02-19,North,Smartphone,Website,Returning,4,520.87,0.1,1875.15,4
ORD-00543,2025-02-19,South,Tablet,Retail Store,New,2,275.43,0.0,550.87,3
ORD-00346,2025-02-19,South,Headphones,Retail Store,Returning,1,94.4,0.1,84.96,2
ORD-01143,2025-02-19,Central,Laptop,Mobile App,Returning,2,740.86,0.0,1481.72,5
ORD-00136,2025-02-19,Central,Smartphone,Mobile App,Returning,3,473.92,0.15,1208.49,6
ORD-00980,2025-02-20,West,Laptop,Retail Store,New,3,713.81,0.05,2034.37,3
ORD-00743,2025-02-21,West,Monitor,Website,New,3,230.36,0.1,621.97,1
ORD-01130,2025-02-21,Central,Keyboard,Mobile App,Returning,1,45.79,0.05,43.5,3
ORD-00707,2025-02-21,South,Tablet,Marketplace,Returning,3,304.17,0.1,821.27,5
ORD-00458,2025-02-22,Central,Laptop,Mobile App,New,1,893.36,0.0,893.36,1
ORD-00032,2025-02-23,Central,Headphones,Mobile App,Returning,4,78.56,0.1,282.82,4
ORD-00300,2025-02-23,South,Monitor,Mobile App,New,1,268.45,0.05,255.02,5
ORD-00632,2025-02-23,South,Tablet,Website,Returning,4,298.31,0.1,1073.93,1
ORD-00876,2025-02-23,West,Laptop,Website,New,4,690.04,0.05,2622.14,5
ORD-00810,2025-02-24,Central,Monitor,Website,New,2,231.7,0.1,417.07,5
ORD-01158,2025-02-24,North,Keyboard,Mobile App,Returning,4,46.84,0.05,178.0,4
ORD-01142,2025-02-24,South,Headphones,Website,Returning,2,83.44,0.05,158.53,3
ORD-00039,2025-02-25,North,Keyboard,Mobile App,Returning,3,46.5,0.1,125.54,5
ORD-00248,2025-02-25,Central,Smartphone,Marketplace,Returning,3,445.04,0.0,1335.11,6
ORD-00085,2025-02-25,North,Monitor,Retail Store,Returning,2,213.83,0.05,406.27,6
ORD-00305,2025-02-26,North,Monitor,Mobile App,New,1,249.27,0.1,224.34,3
ORD-00808,2025-02-26,South,Keyboard,Retail Store,Returning,2,45.87,0.0,91.74,6
ORD-00573,2025-02-27,North,Monitor,Website,New,1,231.13,0.05,219.57,6
ORD-00520,2025-02-27,West,Laptop,Website,Returning,2,788.94,0.2,1262.31,2
ORD-00010,2025-02-27,West,Tablet,Marketplace,New,4,315.51,0.05,1198.92,6
ORD-00118,2025-02-27,North,Keyboard,Website,New,3,46.16,0.0,138.47,5
ORD-00736,2025-02-28,South,Laptop,Mobile App,Returning,2,838.93,0.15,1426.18,3
ORD-00588,2025-02-28,North,Headphones,Website,New,2,86.72,0.1,156.1,1
ORD-00463,2025-02-28,West,Laptop,Mobile App,New,3,829.73,0.0,2489.2,2
ORD-00049,2025-03-01,Central,Headphones,Retail Store,Returning,3,79.91,0.1,215.76,6
ORD-00772,2025-03-02,West,Laptop,Website,New,1,711.82,0.1,640.63,5
ORD-01076,2025-03-02,East,Tablet,Marketplace,Returning,3,315.85,0.1,852.78,1
ORD-00476,2025-03-02,South,Smartphone,Website,Returning,-1,553.21,0.1,-1493.66,4
ORD-01095,2025-03-02,North,Smartphone,Mobile App,Returning,1,523.44,0.2,418.76,1
ORD-00841,2025-03-04,Central,Headphones,Retail Store,Returning,1,76.86,0.1,69.17,4
ORD-00904,2025-03-04,North,Laptop,Website,Returning,2,724.7,0.05,1376.93,5
ORD-00115,2025-03-05,North,Smartphone,Retail Store,Returning,4,546.1,0.1,1965.97,4
ORD-00040,2025-03-05,West,Smartphone,Marketplace,Returning,1,496.96,0.0,496.96,4
ORD-00909,2025-03-05,North,Monitor,Retail Store,Returning,4,250.06,0.2,800.21,1
ORD-00999,2025-03-05,Central,Keyboard,Retail Store,Returning,1,35.12,0.1,31.61,2
ORD-00620,2025-03-05,North,Headphones,Website,Returning,2,86.91,0.0,173.83,3
ORD-00801,2025-03-06,North,Smartphone,Website,Returning,3,523.43,0.1,1413.25,6
ORD-00221,2025-03-06,North,Headphones,Marketplace,Returning,2,90.42,0.1,162.75,4
ORD-00396,2025-03-07,Central,Keyboard,Mobile App,Returning,4,48.14,0.05,182.91,1
ORD-00807,2025-03-07,South,Headphones,Mobile App,Returning,1,81.29,0.15,69.1,3
ORD-00264,2025-03-07,South,Headphones,Mobile App,New,1,74.82,0.0,74.82,5
ORD-00334,2025-03-07,West,Tablet,Website,New,3,349.69,0.1,944.17,6
ORD-01030,2025-03-07,East,Laptop,Mobile App,Returning,1,809.65,0.1,728.69,1
ORD-00532,2025-03-08,South,Smartphone,Retail Store,New,1,547.35,0.15,465.25,1
ORD-00094,2025-03-08,South,Smartphone,Website,Returning,4,538.26,0.2,1722.44,6
ORD-00860,2025-03-08,West,Tablet,Website,Returning,2,368.13,0.1,662.64,1
ORD-00920,2025-03-08,South,Keyboard,Mobile App,Returning,4,44.58,0.2,142.64,6
ORD-00173,2025-03-08,North,Headphones,Website,New,4,72.06,0.05,273.84,5
ORD-00933,2025-03-09,East,Headphones,Website,Returning,2,83.77,0.1,150.78,6
ORD-00816,2025-03-09,South,Headphones,Retail Store,Returning,2,93.85,0.0,187.7,2
ORD-00580,2025-03-09,Central,Monitor,Website,New,3,216.57,0.1,584.73,5
ORD-00356,2025-03-10,North,Tablet,Website,Returning,1,348.72,0.15,296.41,3
ORD-00217,2025-03-10,West,Monitor,Website,Returning,1,249.84,0.1,224.85,6
ORD-00302,2025-03-10,South,Laptop,Website,New,2,767.64,0.0,1535.29,6
ORD-00357,2025-03-11,West,Headphones,Website,Returning,4,84.33,0.0,337.32,2
ORD-00082,2025-03-11,East,Smartphone,Website,New,1,488.55,0.1,439.69,5
ORD-00158,2025-03-11,West,Smartphone,Mobile App,Returning,1,442.17,0.1,397.95,6
ORD-01033,2025-03-11,North,Tablet,Website,Returning,3,322.24,0.2,773.37,6
ORD-00511,2025-03-12,South,Smartphone,Website,New,1,555.75,0.0,555.75,1
ORD-00557,2025-03-12,North,Headphones,Marketplace,Returning,1,92.59,0.1,83.33,5
ORD-01126,2025-03-12,West,Smartphone,Website,Returning,1,544.41,0.1,489.97,2
ORD-00257,2025-03-13,East,Tablet,Website,Returning,2,336.64,0.0,673.29,1
ORD-00166,2025-03-13,South,Smartphone,Mobile App,Returning,3,540.17,0.05,1539.49,1
ORD-00034,2025-03-13,North,Laptop,Mobile App,New,1,708.18,0.2,566.54,5
ORD-00033,2025-03-13,West,Keyboard,Mobile App,Returning,1,44.22,0.05,42.01,1
ORD-00987,2025-03-13,South,Headphones,Retail Store,New,3,85.16,0.15,217.15,2
ORD-00656,2025-03-13,Central,Monitor,Marketplace,Returning,1,229.41,0.1,206.47,3
ORD-00434,2025-03-13,South,Laptop,Mobile App,New,3,824.64,0.05,2350.23,4
ORD-00595,2025-03-13,Central,Headphones,Website,Returning,1,86.25,0.05,81.94,2
ORD-00873,2025-03-14,East,Tablet,Website,Returning,4,318.31,0.05,1209.59,6
ORD-00052,2025-03-14,North,Headphones,Mobile App,New,1,86.4,0.1,77.76,4
ORD-00687,2025-03-15,East,Keyboard,Website,Returning,2,42.31,0.1,76.15,4
ORD-00225,2025-03-15,West,Smartphone,Marketplace,Returning,4,520.57,0.0,2082.3,1
ORD-00028,2025-03-15,South,Smartphone,Website,New,4,584.85,0.05,2222.44,5
ORD-00682,2025-03-15,West,Smartphone,Marketplace,Returning,1,504.92,0.0,504.92,4
ORD-00089,2025-03-16,South,Keyboard,Mobile App,Returning,4,40.29,0.0,161.16,4
ORD-00475,2025-03-17,South,Headphones,Retail Store,New,-1,86.81,0.1,-78.13,5
ORD-00688,2025-03-17,Central,Tablet,Retail Store,Returning,3,345.89,0.1,933.92,3
ORD-00778,2025-03-17,East,Smartphone,Mobile App,Returning,4,517.14,0.05,1965.14,1
ORD-00230,2025-03-18,Central,Headphones,Mobile App,Returning,3,84.77,0.05,241.59,6
ORD-00740,2025-03-19,Central,Smartphone,Marketplace,New,3,614.32,0.2,1474.37,5
ORD-01014,2025-03-19,Central,Smartphone,Website,Returning,3,561.75,0.0,1685.26,3
ORD-01179,2025-03-20,Central,Laptop,Marketplace,New,4,713.76,0.0,2855.06,6
ORD-00555,2025-03-20,North,Keyboard,Website,Returning,4,45.87,0.15,155.95,4
ORD-00378,2025-03-21,South,Laptop,Mobile App,Returning,4,826.71,0.05,3141.48,6
ORD-00152,2025-03-21,South,Tablet,Website,New,4,309.87,0.0,1239.5,2
ORD-00795,2025-03-21,Central,Monitor,Website,New,1,231.73,0.05,220.15,2
ORD-00483,2025-03-21,North,Monitor,Marketplace,Returning,2,214.81,0.0,429.62,5
ORD-00438,2025-03-22,North,Smartphone,Marketplace,Returning,4,499.94,0.1,1799.77,1
ORD-00293,2025-03-22,North,Keyboard,Retail Store,New,3,46.78,0.05,133.32,2
ORD-01113,2025-03-22,East,Monitor,Website,New,1,236.51,0.15,201.03,5
ORD-00822,2025-03-25,Central,Laptop,Marketplace,New,3,871.57,0.1,2353.23,1
ORD-00131,2025-03-25,West,Tablet,Retail Store,New,2,332.22,0.1,598.0,5
ORD-00925,2025-03-25,East,Keyboard,Website,New,2,48.86,0.0,97.71,6
ORD-00659,2025-03-25,North,Monitor,Marketplace,New,3,236.1,0.15,602.05,4
ORD-00359,2025-03-25,East,Monitor,Website,New,4,262.09,0.1,943.52,2
ORD-00643,2025-03-25,West,Headphones,Retail Store,Returning,3,74.14,0.15,189.06,1
ORD-01170,2025-03-26,North,Headphones,Retail Store,New,2,85.98,0.15,146.17,2
ORD-00637,2025-03-27,South,Laptop,Website,New,2,785.63,0.1,1414.13,4
ORD-00711,2025-03-27,East,Laptop,Website,New,1,713.29,0.0,713.29,6
ORD-00744,2025-03-27,North,Monitor,Mobile App,Returning,4,265.77,0.0,1063.09,6
ORD-00312,2025-03-27,North,Smartphone,Mobile App,New,1,495.02,0.0,495.02,6
ORD-00512,2025-03-28,Central,Keyboard,Marketplace,Returning,4,50.81,0.0,203.26,3
ORD-00381,2025-03-28,South,Monitor,Mobile App,New,4,229.74,0.0,918.94,6
ORD-00086,2025-03-28,Central,Keyboard,Website,Returning,4,44.91,0.15,152.7,1
ORD-00037,2025-03-28,Central,Monitor,Website,Returning,3,272.07,0.1,734.6,2
ORD-00894,2025-03-29,North,Keyboard,Marketplace,Returning,3,48.3,0.1,130.41,3
ORD-00503,2025-03-30,North,Tablet,Marketplace,Returning,3,371.36,0.0,1114.08,6
ORD-00681,2025-03-30,South,Monitor,Marketplace,New,3,232.93,0.05,663.86,1
ORD-01079,2025-03-30,West,Tablet,Retail Store,Returning,4,361.7,0.1,1302.13,4
ORD-00716,2025-03-30,North,Monitor,Retail Store,Returning,4,265.89,0.0,1063.57,2
ORD-00525,2025-03-31,North,Laptop,Mobile App,New,4,732.96,0.05,2785.26,6
ORD-00135,2025-03-31,North,Smartphone,Marketplace,Returning,4,496.27,0.1,1786.55,3
ORD-00395,2025-03-31,Central,Keyboard,Website,Returning,4,39.76,0.15,135.19,2
ORD-00671,2025-03-31,South,Headphones,Website,Returning,3,74.54,0.15,190.08,6
ORD-01128,2025-03-31,West,Smartphone,Retail Store,Returning,4,580.11,0.05,2204.4,1
ORD-01196,2025-04-01,Central,Smartphone,Mobile App,Returning,4,550.16,0.15,1870.54,3
ORD-00281,2025-04-01,North,Tablet,Website,Returning,1,335.03,0.1,301.53,6
ORD-00091,2025-04-01,East,Headphones,Marketplace,New,3,90.61,0.05,258.24,6
ORD-00162,2025-04-01,South,Monitor,Website,Returning,4,237.91,0.2,761.32,4
ORD-00626,2025-04-01,North,Laptop,Website,Returning,3,870.75,0.0,2612.25,3
ORD-00919,2025-04-01,South,Headphones,Marketplace,New,2,90.21,0.0,180.42,1
ORD-00530,2025-04-02,East,Monitor,Mobile App,Returning,2,251.7,0.1,453.06,1
ORD-00022,2025-04-02,West,Monitor,Mobile App,Returning,3,271.13,0.15,691.38,4
ORD-00303,2025-04-02,South,Smartphone,Retail Store,New,4,532.18,0.0,2128.73,3
ORD-00713,2025-04-02,North,Smartphone,Mobile App,Returning,1,531.27,0.1,478.14,4
ORD-00748,2025-04-02,South,Monitor,Mobile App,New,1,238.9,0.2,191.12,6
ORD-01039,2025-04-03,South,Monitor,Mobile App,Returning,4,258.92,0.15,880.32,2
ORD-01060,2025-04-03,North,Keyboard,Mobile App,Returning,1,42.24,0.0,42.24,2
ORD-00621,2025-04-04,North,Laptop,Retail Store,Returning,3,666.84,0.15,1700.43,1
ORD-00593,2025-04-04,Central,Smartphone,Mobile App,New,4,517.91,0.2,1657.32,4
ORD-00416,2025-04-05,South,Laptop,Marketplace,Returning,3,788.65,0.1,2129.36,4
ORD-00537,2025-04-07,North,Headphones,Mobile App,New,1,74.49,0.0,74.49,6
ORD-01005,2025-04-07,South,Smartphone,Mobile App,Returning,3,446.98,0.1,1206.85,1
ORD-01056,2025-04-07,West,Smartphone,Marketplace,New,3,571.35,0.05,1628.33,2
ORD-00872,2025-04-07,North,Laptop,Retail Store,Returning,4,708.69,0.1,2551.29,2
ORD-01028,2025-04-08,,Laptop,Website,New,1,727.34,0.05,690.97,5
ORD-00515,2025-04-08,South,Laptop,Retail Store,New,2,728.75,0.1,1311.74,3
ORD-00650,2025-04-08,South,Keyboard,Website,Returning,4,41.44,0.05,157.46,4
ORD-00295,2025-04-10,North,Tablet,Mobile App,Returning,3,342.04,0.2,820.9,3
ORD-00992,2025-04-10,South,Headphones,Website,Returning,1,88.23,0.2,70.59,2
ORD-00491,2025-04-11,East,Keyboard,Marketplace,Returning,4,45.59,0.15,154.99,3
ORD-01160,2025-04-12,Central,Laptop,Marketplace,New,4,805.66,0.2,2578.12,5
ORD-00867,2025-04-12,East,Smartphone,Website,Returning,4,482.77,0.0,1931.08,2
ORD-01026,2025-04-12,South,Monitor,Marketplace,Returning,4,291.21,0.05,1106.58,1
ORD-00079,2025-04-13,North,Laptop,Retail Store,New,2,790.3,0.2,1264.47,5
ORD-00853,2025-04-13,Central,Monitor,Website,Returning,4,214.84,0.05,816.37,3
ORD-00286,2025-04-14,North,Monitor,Website,Returning,1,246.05,0.05,233.75,1
ORD-00427,2025-04-14,East,Smartphone,Website,Returning,2,471.27,0.1,848.28,5
ORD-00321,2025-04-14,South,Smartphone,Marketplace,New,2,523.11,0.05,993.9,2
ORD-00191,2025-04-14,South,Keyboard,Marketplace,Returning,4,43.15,0.05,163.96,4
ORD-01010,2025-04-15,Central,Smartphone,Website,Returning,2,482.24,0.1,868.03,3
ORD-00214,2025-04-15,South,Laptop,Marketplace,Returning,3,784.79,0.1,2118.94,1
ORD-00127,2025-04-15,East,Laptop,Marketplace,New,4,787.93,0.05,2994.12,4
ORD-01090,2025-04-15,West,Smartphone,Mobile App,Returning,1,527.22,0.15,448.14,5
ORD-00521,2025-04-16,West,Headphones,Mobile App,New,3,82.83,0.05,236.05,5
ORD-00862,2025-04-16,West,Laptop,Mobile App,New,4,879.73,0.1,3167.03,5
ORD-00352,2025-04-17,South,Monitor,Website,New,2,251.86,0.2,402.98,1
ORD-00977,2025-04-17,South,Monitor,Retail Store,New,4,226.94,0.0,907.76,2
ORD-00227,2025-04-19,Central,Laptop,Mobile App,New,4,728.71,0.0,2914.83,3
ORD-00387,2025-04-19,North,Smartphone,Website,Returning,4,495.89,0.0,1983.55,3
ORD-00504,2025-04-20,North,Headphones,Retail Store,New,2,67.66,0.05,128.55,6
ORD-00072,2025-04-20,East,Laptop,Marketplace,Returning,4,815.89,0.15,2774.04,3
ORD-00066,2025-04-20,West,Smartphone,Mobile App,Returning,4,494.28,0.05,1878.28,5
ORD-00247,2025-04-20,West,Smartphone,Mobile App,Returning,2,560.02,0.05,1064.04,1
ORD-00145,2025-04-20,South,Smartphone,Retail Store,Returning,2,533.92,0.0,1067.85,1
ORD-00706,2025-04-20,Central,Keyboard,Retail Store,New,1,42.35,0.05,40.24,1
ORD-00006,2025-04-21,North,Headphones,Mobile App,Returning,3,96.61,0.0,289.84,3
ORD-00946,2025-04-22,East,Headphones,Website,Returning,3,76.72,0.05,218.66,1
ORD-00432,2025-04-22,West,Keyboard,Website,New,2,43.15,0.1,77.68,3
ORD-00317,2025-04-22,West,Tablet,Mobile App,Returning,3,335.64,0.0,1006.92,3
ORD-00961,2025-04-22,West,Smartphone,Website,New,4,556.23,0.0,2224.91,3
ORD-00472,2025-04-22,North,Monitor,Website,New,1,238.98,0.1,215.08,4
ORD-00539,2025-04-22,West,Monitor,Retail Store,New,2,238.55,0.15,405.54,6
ORD-00926,2025-04-22,West,Keyboard,Mobile App,Returning,4,43.92,0.1,158.13,5
ORD-00733,2025-04-23,East,Keyboard,Website,New,4,42.77,0.1,153.97,6
ORD-00581,2025-04-23,Central,Tablet,Mobile App,New,1,367.46,0.1,330.71,2
ORD-01101,2025-04-23,North,Monitor,Website,Returning,3,251.18,0.1,678.18,6
ORD-00276,2025-04-23,West,Smartphone,Website,Returning,1,526.3,0.0,526.3,4
ORD-00958,2025-04-24,West,Headphones,Marketplace,New,3,90.15,0.05,256.94,2
ORD-00997,2025-04-24,South,Keyboard,Mobile App,New,3,48.42,0.1,130.74,4
ORD-00240,2025-04-25,East,Keyboard,Mobile App,New,4,40.73,0.0,162.93,5
ORD-00185,2025-04-26,North,Headphones,Retail Store,New,1,80.99,0.1,72.89,6
ORD-01089,2025-04-26,Central,Smartphone,Mobile App,Returning,1,547.37,0.1,492.63,4
ORD-00661,2025-04-26,North,Monitor,Website,New,2,234.74,0.15,399.07,3
ORD-00193,2025-04-26,North,Keyboard,Marketplace,Returning,3,43.99,0.0,131.97,4
ORD-01165,2025-04-26,West,Keyboard,Retail Store,New,2,52.8,0.15,89.77,5
ORD-00627,2025-04-26,South,Monitor,Website,Returning,2,255.29,0.1,459.53,5
ORD-00806,2025-04-27,North,Tablet,Mobile App,New,3,305.1,0.15,778.01,4
ORD-00126,2025-04-27,North,Smartphone,Website,Returning,3,487.85,0.15,1244.03,6
ORD-01103,2025-04-27,South,Tablet,Website,New,1,377.97,0.1,340.17,1
ORD-01185,2025-04-28,South,Smartphone,Website,Returning,4,533.0,0.1,1918.82,5
ORD-00159,2025-04-28,West,Tablet,Marketplace,New,2,369.49,0.2,591.18,4
ORD-01006,2025-04-29,South,Smartphone,Website,New,4,553.84,0.05,2104.6,5
ORD-01194,2025-04-30,Central,Headphones,Website,Returning,3,90.65,0.05,258.35,6
ORD-00756,2025-04-30,West,Laptop,Website,Returning,3,823.08,0.05,2345.77,1
ORD-01000,2025-05-01,South,Laptop,Website,New,1,754.16,0.0,754.16,5
ORD-00261,2025-05-01,West,Smartphone,Retail Store,New,1,530.38,0.0,530.38,1
ORD-01127,2025-05-01,North,Keyboard,Retail Store,New,3,47.45,0.15,121.01,5
ORD-00638,2025-05-01,South,Laptop,Marketplace,Returning,1,843.58,0.0,843.58,6
ORD-00323,2025-05-01,East,Headphones,Website,New,1,77.51,0.15,65.88,4
ORD-00729,2025-05-01,Central,Keyboard,Retail Store,Returning,4,37.45,0.05,142.32,4
ORD-00008,2025-05-01,North,Smartphone,Mobile App,New,1,531.84,0.15,452.06,4
ORD-00973,2025-05-01,Central,Tablet,Website,Returning,1,327.69,0.1,294.92,6
ORD-00737,2025-05-01,East,Smartphone,Website,New,1,509.62,0.05,484.14,5
ORD-00765,2025-05-01,Central,Laptop,Website,New,4,790.15,0.0,3160.6,1
ORD-00962,2025-05-01,East,Keyboard,Marketplace,Returning,3,36.1,0.05,102.88,5
ORD-01139,2025-05-02,North,Laptop,Website,Returning,1,806.01,0.05,765.71,1
ORD-00189,2025-05-02,South,Laptop,Retail Store,Returning,4,796.5,0.0,3185.99,4
ORD-00164,2025-05-02,Central,Smartphone,Retail Store,Returning,4,495.16,0.0,1980.65,5
ORD-00371,2025-05-03,Central,Laptop,Marketplace,Returning,1,728.01,0.15,618.81,3
ORD-00241,2025-05-03,West,Headphones,Website,New,1,90.13,0.0,90.13,3
ORD-00251,2025-05-03,North,Headphones,Mobile App,New,4,89.28,0.05,339.27,1
ORD-00209,2025-05-03,Central,Headphones,Website,New,2,80.53,0.05,153.0,1
ORD-00583,2025-05-03,Central,Keyboard,Website,Returning,3,45.44,0.1,122.7,1
ORD-00451,2025-05-04,South,Headphones,Retail Store,Returning,4,85.97,0.1,309.51,4
ORD-00730,2025-05-04,East,Tablet,Website,New,2,361.87,0.05,687.56,6
ORD-00299,2025-05-04,East,Headphones,Mobile App,New,3,79.46,0.15,202.64,3
ORD-00199,2025-05-05,South,Laptop,Retail Store,Returning,2,868.54,0.1,1563.38,1
ORD-00309,2025-05-05,North,Laptop,Website,New,4,756.97,0.0,3027.86,5
ORD-01169,2025-05-05,Central,Laptop,Retail Store,New,1,771.9,0.0,771.9,6
ORD-00818,2025-05-05,North,Tablet,Marketplace,New,4,306.05,0.0,1224.21,2
ORD-00139,2025-05-06,South,Headphones,Website,Returning,3,92.2,0.1,248.93,4
ORD-00567,2025-05-06,West,Tablet,Website,Returning,2,286.48,0.1,515.66,1
ORD-00098,2025-05-07,East,Smartphone,Retail Store,Returning,1,426.35,0.1,383.71,1
ORD-00540,2025-05-07,Central,Keyboard,Retail Store,New,2,40.46,0.15,68.78,1
ORD-00144,2025-05-07,North,Headphones,Retail Store,Returning,4,77.88,0.0,311.53,6
ORD-00384,2025-05-07,South,Smartphone,Mobile App,New,4,516.62,0.15,1756.5,5
ORD-00267,2025-05-07,East,Headphones,Website,Returning,3,78.32,0.2,187.97,3
ORD-00480,2025-05-07,North,Monitor,Website,Returning,2,269.59,0.1,485.26,5
ORD-00377,2025-05-08,South,Tablet,Mobile App,Returning,2,345.13,0.05,655.75,4
ORD-00109,2025-05-08,West,Headphones,Mobile App,New,2,85.43,0.1,153.78,5
ORD-00274,2025-05-08,East,Keyboard,Website,Returning,2,42.04,0.1,75.67,5
ORD-00870,2025-05-09,East,Headphones,Mobile App,Returning,3,80.83,0.1,218.24,1
ORD-00579,2025-05-09,East,Monitor,Website,Returning,2,242.67,0.2,388.28,6
ORD-01067,2025-05-09,West,Smartphone,Mobile App,New,3,570.01,0.2,1368.03,1
ORD-00674,2025-05-09,Central,Tablet,Retail Store,New,1,384.82,0.05,365.58,5
ORD-00645,2025-05-09,Central,Headphones,Mobile App,Returning,4,89.48,0.0,357.93,3
ORD-00129,2025-05-10,South,Smartphone,Marketplace,Returning,3,474.62,0.1,1281.48,3
ORD-00739,2025-05-10,West,Laptop,Mobile App,New,3,881.76,0.1,2380.76,6
ORD-00362,2025-05-10,South,Monitor,Website,Returning,3,263.45,0.1,711.32,5
ORD-00793,2025-05-11,North,Laptop,Website,New,2,758.42,0.05,1441.0,2
ORD-00198,2025-05-11,West,Laptop,Website,Returning,2,790.4,0.1,1422.73,4
ORD-00689,2025-05-11,West,Headphones,Mobile App,Returning,1,84.76,0.05,80.52,5
ORD-00558,2025-05-11,North,Tablet,Website,New,2,376.71,0.0,753.42,2
ORD-00307,2025-05-11,South,Monitor,Marketplace,Returning,1,256.04,0.1,230.44,1
ORD-01145,2025-05-12,West,Tablet,Website,New,1,296.19,0.05,281.38,5
ORD-00855,2025-05-12,East,Smartphone,Website,New,2,529.58,0.0,1059.15,6
ORD-00827,2025-05-13,West,Headphones,Mobile App,Returning,4,88.33,0.05,335.66,4
ORD-00064,2025-05-13,West,Laptop,Retail Store,New,2,871.51,0.1,1568.72,1
ORD-00411,2025-05-14,South,Monitor,Retail Store,New,4,214.57,0.1,772.44,3
ORD-00176,2025-05-14,Central,Keyboard,Website,Returning,3,40.98,0.0,122.93,1
ORD-00770,2025-05-14,Central,Monitor,Retail Store,Returning,4,241.8,0.0,967.21,3
ORD-00957,2025-05-14,Central,Tablet,Website,Returning,2,335.92,0.2,537.46,4
ORD-00331,2025-05-14,East,Tablet,Marketplace,Returning,3,325.72,0.15,830.58,3
ORD-00004,2025-05-14,South,Headphones,Retail Store,Returning,3,76.82,0.1,207.42,6
ORD-00923,2025-05-14,West,Keyboard,Mobile App,New,4,34.95,0.1,125.82,2
ORD-00764,2025-05-14,East,Keyboard,Marketplace,Returning,3,41.69,0.2,100.05,2
ORD-00622,2025-05-14,North,Smartphone,Website,Returning,4,438.17,0.0,1752.69,3
ORD-01166,2025-05-14,South,Smartphone,Marketplace,New,4,587.37,0.0,2349.48,6
ORD-00548,2025-05-15,Central,Tablet,Mobile App,New,3,337.08,0.0,1011.23,4
ORD-00703,2025-05-15,North,Smartphone,Marketplace,Returning,3,532.95,0.0,1598.85,4
ORD-00731,2025-05-15,West,Laptop,Retail Store,Returning,1,758.08,0.0,758.08,5
ORD-00213,2025-05-15,Central,Tablet,Retail Store,Returning,2,287.19,0.0,574.38,3
ORD-00561,2025-05-15,South,Headphones,Mobile App,Returning,2,76.23,0.0,152.46,6
ORD-00250,2025-05-16,South,Smartphone,Mobile App,Returning,3,547.2,0.15,1395.37,4
ORD-00009,2025-05-16,North,Laptop,Mobile App,New,1,725.46,0.0,725.46,1
ORD-00945,2025-05-16,South,Laptop,Mobile App,New,4,770.63,0.1,2774.27,6
ORD-00611,2025-05-16,South,Smartphone,Website,New,3,585.49,0.0,1756.47,6
ORD-01164,2025-05-16,South,Smartphone,Website,Returning,1,502.31,0.1,452.08,1
ORD-00137,2025-05-16,West,Tablet,Retail Store,New,2,373.32,0.0,746.63,3
ORD-00745,2025-05-16,Central,Headphones,Marketplace,Returning,4,85.45,0.1,307.63,3
ORD-00337,2025-05-16,South,Tablet,Marketplace,New,4,350.01,0.2,1120.03,1
ORD-00943,2025-05-17,West,Headphones,Website,New,4,77.84,0.15,264.65,3
ORD-01046,2025-05-17,North,Keyboard,Retail Store,Returning,1,44.42,0.0,44.42,4
ORD-00669,2025-05-17,Central,Headphones,Mobile App,Returning,4,89.03,0.1,320.5,6
ORD-01191,2025-05-17,Central,Smartphone,Mobile App,Returning,4,460.5,0.1,1657.8,5
ORD-00891,2025-05-17,East,Monitor,Website,Returning,3,247.58,0.05,705.6,2
ORD-01114,2025-05-18,South,Monitor,Marketplace,Returning,2,239.62,0.2,383.39,1
ORD-00456,2025-05-18,South,Monitor,Marketplace,New,1,250.69,0.1,225.62,6
ORD-00523,2025-05-19,South,Keyboard,Website,New,4,42.65,0.0,170.58,1
ORD-00700,2025-05-19,Central,Keyboard,Retail Store,New,4,43.63,0.05,165.8,3
ORD-00746,2025-05-20,East,Keyboard,Marketplace,Returning,4,43.81,0.05,166.49,5
ORD-00825,2025-05-20,North,Headphones,Website,Returning,4,78.11,0.05,296.84,1
ORD-00447,2025-05-20,North,Tablet,Retail Store,New,4,331.01,0.1,1191.65,2
ORD-00138,2025-05-20,East,Laptop,Website,Returning,4,742.7,0.05,2822.27,5
ORD-00617,2025-05-20,South,Tablet,Retail Store,Returning,2,347.65,0.0,695.3,6
ORD-01157,2025-05-21,East,Keyboard,Marketplace,New,1,41.79,0.1,37.61,2
ORD-00549,2025-05-21,South,Tablet,Website,Returning,2,372.92,0.1,671.26,5
ORD-00602,2025-05-22,North,Smartphone,Marketplace,Returning,2,627.09,0.1,1128.77,4
ORD-00012,2025-05-22,North,Laptop,Website,New,2,715.23,0.0,1430.47,6
ORD-00146,2025-05-22,North,Keyboard,Marketplace,Returning,3,44.37,0.15,113.15,4
ORD-00141,2025-05-22,Central,Keyboard,Mobile App,New,1,37.91,0.0,37.91,2
ORD-00518,2025-05-22,South,Headphones,Mobile App,Returning,2,75.47,0.0,150.95,4
ORD-00723,2025-05-23,Central,Laptop,Mobile App,New,1,812.78,0.15,690.86,5
ORD-00270,2025-05-23,Central,Laptop,Mobile App,New,4,719.56,0.1,2590.41,6
ORD-01087,2025-05-23,North,Monitor,Mobile App,New,3,261.64,0.0,784.91,3
ORD-00519,2025-05-23,West,Smartphone,Website,Returning,3,582.94,0.0,1748.83,3
ORD-01050,2025-05-24,East,Headphones,Website,Returning,4,68.45,0.1,246.42,6
ORD-00171,2025-05-24,West,Smartphone,Website,Returning,2,571.19,0.05,1085.26,5
ORD-00834,2025-05-25,North,Keyboard,Retail Store,Returning,4,43.85,0.1,157.86,1
ORD-00076,2025-05-26,South,Monitor,Website,Returning,4,258.86,0.0,1035.45,3
ORD-00517,2025-05-26,North,Smartphone,Retail Store,New,3,477.49,0.2,1145.98,2
ORD-01084,2025-05-26,North,Headphones,Website,New,1,89.56,0.1,80.6,2
ORD-00865,2025-05-26,West,Headphones,Retail Store,New,1,85.11,0.1,76.6,6
ORD-00340,2025-05-26,West,Smartphone,Mobile App,Returning,3,535.93,0.0,1607.8,3
ORD-00694,2025-05-27,South,Monitor,Website,New,1,243.33,0.0,243.33,4
ORD-00314,2025-05-27,South,Tablet,Retail Store,Returning,2,357.78,0.1,644.0,4
ORD-00123,2025-05-27,Central,Monitor,Marketplace,Returning,1,251.33,0.1,226.2,1
ORD-00496,2025-05-27,North,Smartphone,Mobile App,New,4,470.78,0.1,1694.8,6
ORD-00859,2025-05-28,East,Headphones,Mobile App,New,2,83.36,0.15,141.71,4
ORD-00497,2025-05-28,North,Smartphone,Mobile App,Returning,4,515.06,0.15,1751.2,2
ORD-00153,2025-05-28,East,Monitor,Website,Returning,2,258.51,0.1,465.31,6
ORD-01178,2025-05-28,West,Laptop,Website,Returning,3,770.27,0.05,2195.27,4
ORD-01187,2025-05-28,West,Laptop,Retail Store,Returning,2,786.54,0.1,1415.77,1
ORD-01040,2025-05-29,East,Smartphone,Mobile App,Returning,4,408.44,0.15,1388.69,3
ORD-00864,2025-05-29,South,Keyboard,Website,New,2,45.3,0.1,81.54,2
ORD-00541,2025-05-30,Central,Smartphone,Website,Returning,3,514.12,0.15,1310.99,4
ORD-00663,2025-05-30,Central,Smartphone,Marketplace,Returning,4,604.3,0.05,2296.36,3
ORD-01069,2025-05-30,Central,Laptop,Mobile App,New,1,822.8,0.0,822.8,3
ORD-00103,2025-05-30,Central,Monitor,Website,Returning,4,232.76,0.05,884.48,5
ORD-00318,2025-05-31,West,Headphones,Marketplace,Returning,3,84.95,0.1,229.36,1
ORD-00884,2025-05-31,South,Monitor,Website,Returning,4,210.07,0.1,756.26,4
ORD-01155,2025-06-01,South,Keyboard,Retail Store,Returning,2,42.38,0.05,80.52,6
ORD-00960,2025-06-01,North,Laptop,Mobile App,Returning,4,685.2,0.0,2740.81,1
ORD-00899,2025-06-01,North,Monitor,Retail Store,New,3,216.84,0.05,617.99,4
ORD-00915,2025-06-01,North,Laptop,Website,New,1,867.71,0.1,780.94,3
ORD-01195,2025-06-01,South,Smartphone,Marketplace,New,3,456.1,0.05,1299.89,6
ORD-00976,2025-06-02,Central,Smartphone,Website,Returning,2,541.91,0.15,921.25,1
ORD-00856,2025-06-02,South,Smartphone,Retail Store,New,2,532.38,0.1,958.28,2
ORD-00453,2025-06-02,East,Laptop,Website,New,3,683.47,0.1,1845.36,3
ORD-00002,2025-06-02,East,Smartphone,Retail Store,Returning,4,469.66,0.2,1502.91,1
ORD-01044,2025-06-03,East,Smartphone,Retail Store,Returning,1,527.15,0.0,527.15,6
ORD-00585,2025-06-03,South,Headphones,Retail Store,New,2,89.46,0.15,152.08,3
ORD-00044,2025-06-04,South,Laptop,Mobile App,Returning,2,810.67,0.05,1540.27,3
ORD-00686,2025-06-05,North,Monitor,Website,New,3,230.11,0.1,621.29,6
ORD-00096,2025-06-05,North,Tablet,Mobile App,Returning,3,276.22,0.15,704.37,3
ORD-00776,2025-06-06,South,Keyboard,Retail Store,Returning,1,46.75,0.0,46.75,1
ORD-01199,2025-06-06,West,Laptop,Website,Returning,4,769.72,0.2,2463.11,2
ORD-00425,2025-06-06,West,Laptop,Website,New,4,767.7,0.1,2763.72,5
ORD-00799,2025-06-06,Central,Monitor,Marketplace,Returning,2,243.67,0.15,414.24,2
ORD-01075,2025-06-06,West,Laptop,Website,New,1,786.19,0.05,746.88,5
ORD-00446,2025-06-07,Central,Headphones,Mobile App,Returning,2,87.99,0.2,140.78,6
ORD-00165,2025-06-08,West,Smartphone,Mobile App,New,4,441.91,0.1,1590.88,5
ORD-00268,2025-06-08,Central,Keyboard,Marketplace,New,2,43.06,0.05,81.82,6
ORD-00244,2025-06-08,South,Smartphone,Mobile App,New,2,556.32,0.15,945.75,1
ORD-00335,2025-06-09,Central,Keyboard,Website,New,3,49.4,0.0,148.19,6
ORD-00385,2025-06-10,Central,Monitor,Marketplace,New,2,208.56,0.0,417.12,5
ORD-00224,2025-06-11,East,Smartphone,Website,New,2,549.62,0.1,989.32,5
ORD-00466,2025-06-11,Central,Smartphone,Retail Store,Returning,2,572.57,0.0,1145.13,1
ORD-00401,2025-06-12,West,Tablet,Website,Returning,1,383.56,0.1,345.2,5
ORD-00083,2025-06-12,West,Laptop,Marketplace,New,3,711.58,0.05,2028.01,3
ORD-01181,2025-06-12,Central,Tablet,Mobile App,Returning,1,288.52,0.05,274.09,5
ORD-00332,2025-06-13,Central,Smartphone,Mobile App,Returning,-1,346.78,0.1,-624.2,1
ORD-00482,2025-06-14,West,Headphones,Website,New,3,75.56,0.0,226.68,4
ORD-00800,2025-06-14,South,Headphones,Retail Store,Returning,1,80.95,0.15,68.81,6
ORD-00794,2025-06-14,North,Headphones,Marketplace,Returning,3,90.54,0.1,244.44,1
ORD-00918,2025-06-14,East,Smartphone,Retail Store,New,4,535.6,0.05,2035.28,1
ORD-00722,2025-06-14,North,Tablet,Mobile App,Returning,4,307.94,0.0,1231.78,2
ORD-01004,2025-06-15,East,Headphones,Marketplace,New,2,76.44,0.05,145.24,2
ORD-01162,2025-06-15,South,Headphones,Mobile App,New,4,78.09,0.0,312.37,3
ORD-00653,2025-06-15,South,Headphones,Website,New,2,88.06,0.05,167.31,4
ORD-00298,2025-06-15,Central,Smartphone,Mobile App,New,4,481.43,0.1,1733.14,3
ORD-00054,2025-06-15,North,Tablet,Retail Store,Returning,4,372.45,0.15,1266.32,5
ORD-00105,2025-06-15,Central,Smartphone,Mobile App,Returning,2,500.68,0.1,901.22,6
ORD-00866,2025-06-15,Central,Laptop,Marketplace,Returning,4,702.68,0.2,2248.57,6
ORD-00766,2025-06-16,East,Smartphone,Website,Returning,2,473.52,0.1,852.33,1
ORD-00509,2025-06-16,South,Laptop,Marketplace,Returning,2,787.14,0.1,1416.86,1
ORD-00869,2025-06-16,South,Monitor,Website,Returning,4,236.14,0.1,850.1,3
ORD-00967,2025-06-17,East,Headphones,Marketplace,Returning,4,75.53,0.0,302.14,5
ORD-00591,2025-06-17,North,Headphones,Mobile App,Returning,1,83.52,0.05,79.35,1
ORD-00367,2025-06-17,West,Smartphone,Website,Returning,4,488.21,0.0,1952.86,2
ORD-00777,2025-06-17,North,Laptop,Marketplace,Returning,4,798.51,0.0,3194.04,2
ORD-01146,2025-06-18,North,Headphones,Marketplace,Returning,2,92.5,0.0,185.01,5
ORD-00616,2025-06-18,South,Monitor,Website,Returning,3,226.56,0.0,679.68,2
ORD-00623,2025-06-18,Central,Monitor,Retail Store,Returning,1,240.29,0.0,240.29,2
ORD-01007,2025-06-18,Central,Tablet,Retail Store,New,1,350.25,0.0,350.25,2
ORD-00003,2025-06-20,North,Laptop,Marketplace,Returning,3,770.31,0.2,1848.75,3
ORD-00097,2025-06-20,South,Monitor,Mobile App,New,4,228.23,0.1,821.62,6
ORD-00848,2025-06-20,East,Laptop,Website,New,1,773.06,0.05,734.41,1
ORD-00057,2025-06-20,North,Headphones,Website,Returning,1,86.97,0.05,82.62,1
ORD-00124,2025-06-20,West,Keyboard,Mobile App,Returning,4,47.15,0.0,188.59,3
ORD-01052,2025-06-20,North,Keyboard,Website,Returning,2,49.8,0.1,89.64,6
ORD-01049,2025-06-21,Central,Keyboard,Retail Store,Returning,2,46.0,0.1,82.8,1
ORD-00546,2025-06-21,South,Laptop,Retail Store,New,1,705.48,0.15,599.66,1
ORD-01198,2025-06-22,West,Monitor,Website,New,3,238.07,0.05,678.49,1
ORD-00407,2025-06-22,South,Laptop,Retail Store,Returning,1,669.54,0.05,636.07,6
ORD-00011,2025-06-22,North,Tablet,Website,Returning,3,291.36,0.1,786.68,1
ORD-00215,2025-06-22,North,Smartphone,Retail Store,Returning,1,505.12,0.05,479.86,1
ORD-00174,2025-06-22,South,Smartphone,Website,Returning,4,537.74,0.1,1935.86,6
ORD-01104,2025-06-23,South,Keyboard,Marketplace,Returning,2,48.87,0.1,87.97,3
ORD-00625,2025-06-23,East,Monitor,Marketplace,Returning,3,268.47,0.05,765.13,6
ORD-01003,2025-06-23,East,Smartphone,Marketplace,Returning,2,580.17,0.1,1044.3,2
ORD-00327,2025-06-23,West,Laptop,Website,New,3,886.23,0.05,2525.75,6
ORD-00048,2025-06-25,Central,Laptop,Mobile App,New,2,757.73,0.05,1439.69,6
ORD-01200,2025-06-25,North,Smartphone,Website,Returning,4,536.17,0.15,1822.99,3
ORD-00084,2025-06-25,South,Headphones,Website,Returning,4,75.59,0.0,302.36,6
ORD-00829,2025-06-25,North,Keyboard,Website,Returning,2,42.46,0.1,76.44,4
ORD-00060,2025-06-25,North,Tablet,Mobile App,Returning,2,300.96,0.05,571.83,6
ORD-00471,2025-06-25,Central,Laptop,Mobile App,Returning,4,752.72,0.15,2559.25,2
ORD-00036,2025-06-26,Central,Monitor,Website,Returning,2,241.32,0.0,482.65,4
ORD-01125,2025-06-26,Central,Keyboard,Mobile App,New,1,48.02,0.1,43.22,1
ORD-00783,2025-06-26,East,Smartphone,Retail Store,New,1,561.4,0.1,505.26,6
ORD-00167,2025-06-27,West,Smartphone,Mobile App,Returning,2,536.17,0.0,1072.34,3
ORD-00970,2025-06-27,Central,Tablet,Mobile App,New,2,308.45,0.05,586.06,3
ORD-00542,2025-06-28,South,Laptop,Marketplace,New,3,725.92,0.1,1959.98,2
ORD-01106,2025-06-28,South,Smartphone,Retail Store,Returning,2,537.8,0.15,914.26,2
ORD-00418,2025-06-29,West,Monitor,Retail Store,New,2,231.66,0.0,463.31,2
ORD-00368,2025-06-29,West,Headphones,Website,Returning,2,81.4,0.1,146.52,4
ORD-01188,2025-06-29,Central,Laptop,Marketplace,New,1,739.05,0.15,628.19,6
ORD-00495,2025-06-30,East,Tablet,Marketplace,Returning,2,373.77,0.0,747.54,2
ORD-00449,2025-06-30,West,Keyboard,Marketplace,New,1,40.5,0.0,40.5,2
ORD-00672,2025-06-30,South,Keyboard,Mobile App,New,4,46.02,0.0,184.07,4
ORD-00835,2025-06-30,West,Laptop,Website,Returning,1,779.26,0.1,701.34,4
ORD-01015,2025-07-01,South,Smartphone,Retail Store,New,4,491.11,0.15,1669.76,4
ORD-00655,2025-07-01,Central,Smartphone,Mobile App,Returning,3,533.87,0.1,1441.46,2
ORD-00364,2025-07-02,West,Tablet,Marketplace,Returning,3,333.57,0.15,850.62,4
ORD-00732,2025-07-02,East,Monitor,Website,Returning,2,212.72,0.0,425.44,5
ORD-00063,2025-07-03,South,Headphones,Website,New,3,75.68,0.1,204.34,3
ORD-00219,2025-07-03,South,Laptop,Website,Returning,4,741.0,0.0,2964.01,5
ORD-00045,2025-07-03,South,Laptop,Website,Returning,3,841.64,0.0,2524.92,5
ORD-00249,2025-07-04,South,Tablet,Mobile App,New,2,317.55,0.15,539.84,6
ORD-00955,2025-07-04,East,Laptop,Mobile App,Returning,3,683.75,0.15,1743.57,6
ORD-00263,2025-07-05,Central,Smartphone,Website,New,1,510.12,0.0,510.12,3
ORD-01117,2025-07-06,West,Headphones,Mobile App,Returning,3,92.28,0.2,221.48,6
ORD-00479,2025-07-06,West,Keyboard,Website,New,1,40.17,0.1,36.15,2
ORD-00059,2025-07-06,East,Smartphone,Marketplace,Returning,2,475.3,0.2,760.48,5
ORD-00336,2025-07-06,,Smartphone,Mobile App,New,4,439.48,0.1,1582.12,1
ORD-01057,2025-07-06,South,Monitor,Marketplace,New,3,213.19,0.0,639.58,2
ORD-00775,2025-07-07,South,Keyboard,Mobile App,New,2,42.74,0.1,76.92,4
ORD-01082,2025-07-07,East,Smartphone,Website,Returning,2,522.02,0.1,939.64,2
ORD-00383,2025-07-08,Central,Laptop,Marketplace,Returning,4,755.58,0.1,2720.09,5
ORD-00370,2025-07-08,Central,Laptop,Marketplace,New,2,854.54,0.15,1452.71,5
ORD-00278,2025-07-08,West,Monitor,Mobile App,Returning,1,260.1,0.0,260.1,1
ORD-00444,2025-07-08,West,Tablet,Mobile App,New,2,378.61,0.15,643.63,4
ORD-01136,2025-07-09,West,Keyboard,Mobile App,Returning,1,48.1,0.05,45.7,1
ORD-00143,2025-07-09,Central,Keyboard,Mobile App,Returning,2,45.78,0.15,77.83,3
ORD-00319,2025-07-09,East,Laptop,Website,Returning,1,868.84,0.05,825.4,4
ORD-00373,2025-07-10,South,Headphones,Retail Store,New,1,100.92,0.2,80.74,3
ORD-00908,2025-07-10,North,Smartphone,Website,Returning,4,475.74,0.0,1902.97,4
ORD-00489,2025-07-10,West,Headphones,Website,New,1,83.61,0.0,83.61,1
ORD-00372,2025-07-11,Central,Laptop,Website,New,3,855.57,0.2,2053.37,1
ORD-00570,2025-07-11,South,Tablet,Mobile App,Returning,1,339.42,0.1,305.48,3
ORD-00409,2025-07-11,North,Laptop,Mobile App,New,3,822.52,0.0,2467.55,1
ORD-01153,2025-07-11,West,Tablet,Website,Returning,2,330.21,0.0,660.41,2
ORD-00128,2025-07-11,North,Keyboard,Mobile App,Returning,1,51.7,0.0,51.7,6
ORD-00170,2025-07-12,West,Headphones,Website,Returning,1,92.54,0.05,87.92,5
ORD-00566,2025-07-12,South,Smartphone,Retail Store,Returning,1,535.11,0.0,535.11,4
ORD-00968,2025-07-12,West,Monitor,Mobile App,New,3,230.81,0.1,623.2,5
ORD-00615,2025-07-12,North,Tablet,Marketplace,Returning,3,318.76,0.1,860.64,6
ORD-00589,2025-07-12,Central,Headphones,Retail Store,New,3,86.32,0.05,246.01,6
ORD-00576,2025-07-13,North,Smartphone,Mobile App,New,4,479.31,0.15,1629.67,3
ORD-00027,2025-07-13,Central,Tablet,Mobile App,Returning,2,312.68,0.1,562.82,5
ORD-00735,2025-07-14,Central,Headphones,Marketplace,New,3,86.89,0.2,208.55,2
ORD-00596,2025-07-14,North,Tablet,Website,Returning,1,325.03,0.05,308.77,3
ORD-00677,2025-07-14,West,Tablet,Retail Store,New,1,324.28,0.05,308.06,5
ORD-00836,2025-07-14,South,Smartphone,Website,Returning,3,525.56,0.0,1576.68,2
ORD-00907,2025-07-14,South,Keyboard,Mobile App,New,1,45.83,0.2,36.67,4
ORD-00424,2025-07-14,North,Tablet,Website,New,1,289.31,0.1,260.38,6
ORD-00310,2025-07-14,West,Headphones,Mobile App,Returning,4,94.7,0.0,378.78,6
ORD-00397,2025-07-15,South,Monitor,Mobile App,Returning,1,232.21,0.0,232.21,2
ORD-00779,2025-07-15,North,Monitor,Website,New,4,261.88,0.1,942.77,5
ORD-00506,2025-07-15,North,Keyboard,Marketplace,Returning,4,41.02,0.15,139.48,4
ORD-00660,2025-07-15,West,Smartphone,Retail Store,Returning,1,631.04,0.1,567.94,3
ORD-00046,2025-07-16,Central,Smartphone,Website,Returning,3,570.87,0.0,1712.62,3
ORD-01097,2025-07-16,East,Keyboard,Marketplace,New,3,43.95,0.2,105.47,5
ORD-01150,2025-07-16,West,Tablet,Mobile App,Returning,3,373.89,0.1,1009.49,3
ORD-00125,2025-07-16,North,Keyboard,Marketplace,New,1,46.98,0.0,46.98,6
ORD-01027,2025-07-17,South,Keyboard,Retail Store,Returning,2,52.86,0.1,95.15,2
ORD-01168,2025-07-17,Central,Tablet,Retail Store,Returning,3,391.74,0.1,1057.71,1
ORD-00885,2025-07-18,North,Smartphone,Website,Returning,4,544.43,0.0,2177.74,3
ORD-00342,2025-07-18,North,Laptop,Retail Store,Returning,2,861.01,0.15,1463.72,1
ORD-00013,2025-07-19,East,Laptop,Retail Store,New,3,824.36,0.15,2102.11,2
ORD-00560,2025-07-19,East,Laptop,Website,Returning,4,754.91,0.15,2566.69,6
ORD-01154,2025-07-20,North,Laptop,Mobile App,Returning,2,784.54,0.0,1569.08,2
ORD-00695,2025-07-20,South,Keyboard,Website,Returning,4,44.05,0.1,158.57,3
ORD-00683,2025-07-20,South,Laptop,Retail Store,Returning,2,733.19,0.0,1466.37,1
ORD-00338,2025-07-20,North,Monitor,Mobile App,Returning,1,201.87,0.05,191.78,3
ORD-00415,2025-07-21,North,Keyboard,Website,New,2,42.87,0.1,77.16,2
ORD-01167,2025-07-21,East,Monitor,Mobile App,Returning,2,212.16,0.05,403.1,1
ORD-00769,2025-07-21,South,Smartphone,Marketplace,New,2,508.08,0.05,965.35,6
ORD-00467,2025-07-21,North,Monitor,Marketplace,Returning,2,245.04,0.15,416.57,6
ORD-00134,2025-07-22,South,Smartphone,Retail Store,Returning,3,607.03,0.0,1821.08,4
ORD-00150,2025-07-22,Central,Smartphone,Mobile App,Returning,2,492.1,0.05,934.99,1
ORD-00228,2025-07-22,North,Smartphone,Retail Store,New,3,495.45,0.2,1189.08,1
ORD-00565,2025-07-22,Central,Headphones,Website,New,3,86.8,0.2,208.31,2
ORD-00526,2025-07-22,Central,Smartphone,Marketplace,Returning,4,457.09,0.05,1736.93,1
ORD-00630,2025-07-23,Central,Headphones,Mobile App,Returning,3,86.94,0.05,247.79,3
ORD-00080,2025-07-23,South,Tablet,Marketplace,Returning,3,339.28,0.05,966.94,6
ORD-00501,2025-07-23,South,Monitor,Website,Returning,3,262.0,0.0,785.99,6
ORD-01099,2025-07-23,North,Keyboard,Marketplace,Returning,3,43.0,0.1,116.11,5
ORD-01074,2025-07-23,West,Tablet,Retail Store,New,2,359.58,0.05,683.21,6
ORD-01140,2025-07-24,West,Monitor,Marketplace,Returning,2,217.6,0.2,348.16,6
ORD-00348,2025-07-24,West,Smartphone,Retail Store,Returning,2,517.44,0.05,983.13,6
ORD-00882,2025-07-24,Central,Smartphone,Marketplace,New,3,427.91,0.05,1219.54,6
ORD-01066,2025-07-24,West,Monitor,Website,New,3,229.9,0.15,586.26,2
ORD-01024,2025-07-25,North,Headphones,Website,Returning,4,81.42,0.05,309.39,4
ORD-00551,2025-07-25,West,Headphones,Marketplace,Returning,2,86.33,0.15,146.75,1
ORD-00502,2025-07-25,South,Laptop,Mobile App,Returning,1,851.26,0.0,851.26,4
ORD-00975,2025-07-25,Central,Monitor,Website,New,1,224.66,0.05,213.42,6
ORD-00289,2025-07-25,South,Smartphone,Website,New,4,419.93,0.05,1595.75,2
ORD-01116,2025-07-25,South,Smartphone,Website,New,4,540.21,0.15,1836.71,5
ORD-00184,2025-07-26,Central,Tablet,Marketplace,New,3,331.75,0.15,845.97,1
ORD-01017,2025-07-26,West,Laptop,Marketplace,New,1,796.27,0.0,796.27,2
ORD-00673,2025-07-27,East,Smartphone,Website,Returning,2,478.61,0.05,909.36,4
ORD-00510,2025-07-27,East,Monitor,Website,Returning,1,240.02,0.2,192.01,3
ORD-00832,2025-07-27,North,Keyboard,Website,New,2,42.93,0.1,77.27,6
ORD-00845,2025-07-27,West,Monitor,Mobile App,New,1,245.47,0.15,208.65,6
ORD-00849,2025-07-27,Central,Monitor,Website,Returning,4,273.22,0.1,983.59,3
ORD-00633,2025-07-28,South,Headphones,Website,Returning,2,87.17,0.05,165.62,6
ORD-00233,2025-07-28,North,Smartphone,Marketplace,Returning,3,547.93,0.0,1643.78,2
ORD-00757,2025-07-28,North,Keyboard,Website,Returning,1,49.53,0.05,47.06,4
ORD-00222,2025-07-29,West,Keyboard,Marketplace,Returning,1,42.28,0.1,38.06,5
ORD-00524,2025-07-29,East,Smartphone,Website,Returning,2,502.71,0.15,854.6,5
ORD-00641,2025-07-29,North,Smartphone,Marketplace,Returning,3,520.55,0.0,1561.66,1
ORD-00112,2025-07-29,South,Tablet,Website,Returning,3,303.32,0.2,727.97,4
ORD-00886,2025-07-29,South,Tablet,Website,New,1,308.91,0.05,293.46,4
ORD-00226,2025-07-29,East,Smartphone,Retail Store,New,3,510.29,0.05,1454.31,4
ORD-00440,2025-07-29,Central,Monitor,Mobile App,Returning,1,204.06,0.2,163.25,5
ORD-00208,2025-07-29,West,Monitor,Mobile App,New,1,214.26,0.0,214.26,3
ORD-00439,2025-07-29,South,Headphones,Mobile App,Returning,2,76.21,0.2,121.93,1
ORD-00802,2025-07-30,North,Headphones,Marketplace,Returning,2,101.63,0.0,203.27,1
ORD-00140,2025-07-30,Central,Monitor,Mobile App,Returning,4,223.97,0.1,806.3,1
ORD-00025,2025-07-30,West,Smartphone,Website,Returning,2,528.34,0.15,898.17,3
ORD-00194,2025-07-30,South,Smartphone,Retail Store,Returning,2,480.24,0.2,768.39,5
ORD-00324,2025-07-30,West,Laptop,Website,Returning,3,719.23,0.1,1941.91,2
ORD-00929,2025-07-31,South,Keyboard,Website,Returning,3,41.36,0.1,111.67,3
ORD-01161,2025-07-31,North,Laptop,Retail Store,Returning,2,771.2,0.2,1233.92,6
ORD-00067,2025-07-31,East,Keyboard,Marketplace,Returning,2,44.74,0.0,89.48,1
ORD-00196,2025-07-31,Central,Headphones,Marketplace,Returning,3,90.6,0.0,271.79,6
ORD-00107,2025-07-31,East,Keyboard,Website,Returning,3,44.7,0.05,127.39,5
ORD-00696,2025-08-01,South,Keyboard,Mobile App,New,1,47.37,0.1,42.63,3
ORD-00974,2025-08-01,West,Laptop,Mobile App,New,4,789.19,0.1,2841.07,3
ORD-00612,2025-08-01,North,Keyboard,Marketplace,New,4,46.96,0.1,169.07,6
ORD-00982,2025-08-02,North,Headphones,Mobile App,Returning,1,86.4,0.05,82.08,4
ORD-00693,2025-08-02,East,Monitor,Mobile App,New,2,271.49,0.1,488.69,1
ORD-01029,2025-08-02,West,Monitor,Mobile App,Returning,4,233.79,0.0,935.18,2
ORD-00931,2025-08-02,North,Tablet,Marketplace,Returning,1,306.18,0.1,275.56,3
ORD-00001,2025-08-02,North,Monitor,Mobile App,Returning,1,207.42,0.1,186.68,3
ORD-00347,2025-08-02,Central,Smartphone,Website,Returning,2,553.22,0.1,995.8,3
ORD-00680,2025-08-03,North,Smartphone,Mobile App,Returning,1,512.11,0.1,460.9,6
ORD-00469,2025-08-03,South,Tablet,Mobile App,New,1,350.36,0.0,350.36,1
ORD-00912,2025-08-03,South,Laptop,Website,New,2,807.97,0.05,1535.15,3
ORD-00266,2025-08-03,South,Laptop,Mobile App,New,1,795.54,0.15,676.21,2
ORD-00983,2025-08-03,South,Tablet,Retail Store,Returning,1,298.28,0.15,253.54,6
ORD-00488,2025-08-03,North,Keyboard,Retail Store,Returning,4,47.23,0.15,160.6,1
ORD-00728,2025-08-03,North,Laptop,Retail Store,New,2,837.47,0.0,1674.93,3
ORD-00951,2025-08-03,West,Headphones,Mobile App,New,3,88.28,0.1,238.36,2
ORD-01141,2025-08-03,North,Laptop,Mobile App,Returning,4,690.73,0.1,2486.64,5
ORD-00206,2025-08-04,Central,Keyboard,Mobile App,Returning,3,44.76,0.05,127.57,3
ORD-00610,2025-08-04,East,Keyboard,Website,Returning,2,42.54,0.15,72.32,1
ORD-00811,2025-08-04,Central,Tablet,Mobile App,Returning,4,313.78,0.15,1066.85,6
ORD-00177,2025-08-04,South,Keyboard,Website,Returning,3,44.49,0.05,126.8,1
ORD-01144,2025-08-04,Central,Tablet,Website,Returning,1,324.16,0.05,307.95,3
ORD-00738,2025-08-04,West,Headphones,Website,Returning,4,91.22,0.1,328.4,2
ORD-00592,2025-08-05,South,Keyboard,Mobile App,New,1,49.1,0.0,49.1,4
ORD-00190,2025-08-05,West,Keyboard,Website,Returning,2,38.63,0.0,77.26,3
ORD-00029,2025-08-05,Central,Headphones,Retail Store,New,2,81.91,0.1,147.43,6
ORD-00814,2025-08-05,Central,Monitor,Mobile App,New,1,277.5,0.0,277.5,6
ORD-00020,2025-08-05,South,Laptop,Marketplace,Returning,2,819.3,0.0,1638.6,6
ORD-00724,2025-08-05,South,Tablet,Marketplace,Returning,3,349.58,0.0,1048.74,4
ORD-00608,2025-08-05,Central,Tablet,Mobile App,New,2,314.45,0.1,566.01,5
ORD-00494,2025-08-05,North,Smartphone,Retail Store,Returning,4,571.95,0.05,2173.4,5
ORD-00950,2025-08-05,South,Smartphone,Website,New,2,474.04,0.0,948.09,6
ORD-00640,2025-08-06,West,Monitor,Website,New,2,243.34,0.1,438.02,1
ORD-01152,2025-08-06,West,Monitor,Marketplace,Returning,3,248.26,0.0,744.78,6
ORD-01002,2025-08-06,North,Headphones,Website,New,4,88.07,0.1,317.06,6
ORD-00296,2025-08-07,South,Tablet,Website,New,2,360.91,0.05,685.73,3
ORD-00291,2025-08-07,North,Headphones,Marketplace,Returning,2,87.29,0.1,157.12,1
ORD-00750,2025-08-08,Central,Monitor,Website,Returning,2,233.53,0.05,443.71,4
ORD-00455,2025-08-08,South,Headphones,Marketplace,Returning,3,81.78,0.0,245.33,4
ORD-00804,2025-08-09,East,Headphones,Website,New,3,73.63,0.1,198.81,1
ORD-00969,2025-08-09,West,Smartphone,Marketplace,Returning,1,446.65,0.05,424.31,5
ORD-01176,2025-08-09,West,Keyboard,Website,Returning,2,45.68,0.1,82.23,6
ORD-01172,2025-08-09,Central,Monitor,Mobile App,New,1,264.85,0.0,264.85,2
ORD-00106,2025-08-10,West,Smartphone,Retail Store,New,3,526.74,0.05,1501.21,5
ORD-00389,2025-08-10,North,Laptop,Mobile App,Returning,2,802.43,0.05,1524.62,4
ORD-00122,2025-08-10,North,Laptop,Retail Store,New,3,814.66,0.0,2443.98,1
ORD-00753,2025-08-11,East,Monitor,Website,New,3,227.77,0.2,546.65,6
ORD-00972,2025-08-11,Central,Tablet,Retail Store,New,3,399.22,0.0,1197.66,1
ORD-00092,2025-08-11,East,Headphones,Marketplace,Returning,3,93.41,0.1,252.2,1
ORD-01070,2025-08-11,West,Headphones,Website,Returning,4,73.68,0.15,250.52,2
ORD-00911,2025-08-11,West,Monitor,Website,Returning,1,220.19,0.2,176.15,5
ORD-00721,2025-08-11,Central,Headphones,Marketplace,Returning,2,89.58,0.05,170.2,2
ORD-00087,2025-08-11,,Headphones,Marketplace,Returning,3,87.91,0.2,210.98,5
ORD-00160,2025-08-12,South,Keyboard,Retail Store,New,4,44.75,0.05,170.04,3
ORD-00916,2025-08-12,East,Tablet,Retail Store,Returning,2,368.05,0.0,736.1,2
ORD-01122,2025-08-12,East,Keyboard,Website,New,4,38.54,0.05,146.44,1
ORD-00947,2025-08-13,West,Tablet,Retail Store,Returning,3,308.36,0.05,878.82,4
ORD-00665,2025-08-14,North,Smartphone,Mobile App,Returning,2,533.35,0.0,1066.7,1
ORD-00073,2025-08-14,North,Tablet,Website,New,1,324.48,0.05,308.25,1
ORD-00355,2025-08-15,Central,Keyboard,Retail Store,New,4,42.34,0.05,160.89,3
ORD-00414,2025-08-15,Central,Laptop,Retail Store,Returning,4,794.17,0.05,3017.84,4
ORD-01063,2025-08-15,South,Laptop,Marketplace,New,3,709.6,0.05,2022.37,2
ORD-01186,2025-08-16,South,Tablet,Mobile App,Returning,2,308.91,0.05,586.92,1
ORD-00717,2025-08-16,South,Monitor,Marketplace,Returning,3,253.4,0.0,760.2,3
ORD-00948,2025-08-16,North,Smartphone,Retail Store,Returning,1,478.12,0.1,430.31,2
ORD-00606,2025-08-16,East,Smartphone,Website,Returning,3,453.25,0.2,1087.79,1
ORD-00726,2025-08-17,Central,Laptop,Website,Returning,2,854.17,0.1,1537.5,6
ORD-00234,2025-08-17,Central,Headphones,Website,Returning,1,87.54,0.15,74.41,6
ORD-00699,2025-08-18,Central,Headphones,Retail Store,New,1,86.94,0.0,86.94,5
ORD-00246,2025-08-18,West,Monitor,Mobile App,New,3,245.84,0.15,626.88,3
ORD-00809,2025-08-18,North,Smartphone,Marketplace,Returning,3,445.11,0.15,1135.03,1
ORD-00624,2025-08-19,North,Keyboard,Retail Store,New,1,45.74,0.1,41.17,5
ORD-00903,2025-08-19,East,Smartphone,Website,Returning,3,482.8,0.0,1448.4,2
ORD-00890,2025-08-19,South,Laptop,Mobile App,New,1,786.85,0.1,708.16,4
ORD-00116,2025-08-19,North,Headphones,Website,New,1,87.73,0.05,83.34,1
ORD-00349,2025-08-19,West,Laptop,Mobile App,Returning,1,752.54,0.05,714.91,3
ORD-00380,2025-08-19,Central,Monitor,Retail Store,Returning,4,243.99,0.15,829.58,2
ORD-00934,2025-08-20,Central,Headphones,Marketplace,New,3,79.65,0.0,238.95,2
ORD-00942,2025-08-20,North,Tablet,Mobile App,Returning,4,338.32,0.1,1217.95,1
ORD-00252,2025-08-21,West,Keyboard,Website,New,1,45.44,0.05,43.17,1
ORD-01058,2025-08-21,North,Keyboard,Retail Store,New,4,42.07,0.0,168.27,5
ORD-00179,2025-08-21,South,Keyboard,Website,Returning,3,47.59,0.0,142.77,1
ORD-00437,2025-08-21,North,Monitor,Website,New,4,206.2,0.15,701.06,3
ORD-00789,2025-08-21,West,Smartphone,Retail Store,Returning,3,501.95,0.0,1505.85,6
ORD-00981,2025-08-22,North,Monitor,Mobile App,New,4,228.77,0.2,732.05,3
ORD-00971,2025-08-22,South,Tablet,Website,Returning,2,320.7,0.1,577.26,4
ORD-00258,2025-08-22,East,Smartphone,Website,New,2,541.19,0.0,1082.37,2
ORD-00239,2025-08-23,South,Monitor,Website,Returning,1,257.6,0.05,244.72,5
ORD-01025,2025-08-23,South,Smartphone,Website,New,3,531.11,0.05,1513.65,3
ORD-00528,2025-08-23,West,Headphones,Retail Store,Returning,4,84.96,0.2,271.88,4
ORD-00212,2025-08-23,West,Keyboard,Mobile App,New,3,41.72,0.0,125.16,3
ORD-00499,2025-08-24,South,Monitor,Marketplace,Returning,3,253.46,0.05,722.36,3
ORD-00130,2025-08-24,East,Smartphone,Marketplace,New,2,540.03,0.15,918.06,6
ORD-00047,2025-08-24,East,Smartphone,Marketplace,Returning,1,517.41,0.2,413.93,3
ORD-00828,2025-08-24,North,Smartphone,Mobile App,New,2,522.03,0.05,991.85,6
ORD-01059,2025-08-24,South,Tablet,Website,New,3,323.99,0.1,874.76,4
ORD-00760,2025-08-26,South,Headphones,Retail Store,New,2,84.73,0.0,169.46,1
ORD-00715,2025-08-26,North,Monitor,Retail Store,Returning,4,229.34,0.1,825.62,6
ORD-00953,2025-08-27,East,Keyboard,Mobile App,Returning,3,43.26,0.0,129.78,1
ORD-00691,2025-08-27,North,Monitor,Website,Returning,3,236.16,0.0,708.49,6
ORD-00235,2025-08-27,North,Keyboard,Marketplace,Returning,3,39.53,0.1,106.73,5
ORD-00850,2025-08-27,North,Keyboard,Retail Store,New,1,43.63,0.1,39.27,6
ORD-00229,2025-08-28,South,Smartphone,Website,Returning,4,548.2,0.15,1863.87,2
ORD-01190,2025-08-28,West,Smartphone,Website,New,1,527.84,0.05,501.44,2
ORD-00366,2025-08-28,South,Smartphone,Retail Store,Returning,3,558.78,0.05,1592.51,5
ORD-00232,2025-08-29,,Smartphone,Marketplace,Returning,1,537.65,0.05,510.76,2
ORD-01177,2025-08-29,North,Headphones,Marketplace,New,2,81.72,0.1,147.1,6
ORD-00574,2025-08-29,South,Laptop,Retail Store,Returning,3,804.75,0.1,2172.82,6
ORD-00771,2025-08-30,North,Tablet,Marketplace,Returning,1,319.57,0.05,303.59,2
ORD-00223,2025-08-30,North,Headphones,Mobile App,New,3,74.73,0.2,179.35,6
ORD-01189,2025-08-30,East,Monitor,Website,Returning,2,224.75,0.2,359.6,2
ORD-00826,2025-08-31,North,Laptop,Retail Store,New,3,803.55,0.0,2410.64,2
ORD-00486,2025-08-31,South,Laptop,Retail Store,Returning,1,645.99,0.05,613.69,1
ORD-01147,2025-08-31,Central,Smartphone,Marketplace,Returning,2,607.47,0.15,1032.69,4
ORD-00442,2025-09-01,Central,Smartphone,Website,Returning,1,572.32,0.15,486.47,1
ORD-00719,2025-09-01,South,Laptop,Retail Store,New,1,870.06,0.0,870.06,4
ORD-00019,2025-09-01,Central,Keyboard,Website,New,3,46.23,0.0,138.7,3
ORD-00900,2025-09-01,North,Smartphone,Marketplace,Returning,2,547.12,0.1,984.81,4
ORD-00538,2025-09-02,East,Laptop,Mobile App,New,2,813.16,0.2,1301.06,1
ORD-00353,2025-09-02,Central,Smartphone,Marketplace,New,2,552.28,0.05,1049.33,4
ORD-00406,2025-09-02,West,Monitor,Mobile App,Returning,2,252.83,0.0,505.66,6
ORD-00676,2025-09-02,Central,Laptop,Retail Store,New,1,740.89,0.05,703.85,1
ORD-00868,2025-09-02,West,Headphones,Retail Store,Returning,4,84.77,0.2,271.28,1
ORD-00412,2025-09-03,South,Smartphone,Marketplace,Returning,2,477.91,0.0,955.82,6
ORD-00877,2025-09-04,Central,Monitor,Website,Returning,3,219.85,0.05,626.56,4
ORD-00452,2025-09-04,Central,Monitor,Mobile App,Returning,4,221.34,0.15,752.55,4
ORD-00938,2025-09-04,North,Smartphone,Website,New,2,517.4,0.1,931.32,5
ORD-00417,2025-09-04,South,Headphones,Marketplace,New,4,84.67,0.2,270.96,5
ORD-01051,2025-09-05,South,Laptop,Website,Returning,2,783.25,0.0,1566.49,4
ORD-00527,2025-09-05,South,Tablet,Mobile App,Returning,4,343.64,0.15,1168.38,5
ORD-00578,2025-09-05,West,Keyboard,Marketplace,Returning,1,43.74,0.0,43.74,3
ORD-00236,2025-09-05,East,Laptop,Mobile App,New,1,748.16,0.1,673.35,3
ORD-00379,2025-09-06,South,Headphones,Mobile App,New,3,82.8,0.0,248.39,2
ORD-00675,2025-09-06,Central,Smartphone,Website,Returning,1,568.36,0.05,539.94,2
ORD-00390,2025-09-07,West,Smartphone,Mobile App,Returning,4,456.29,0.05,1733.92,2
ORD-00678,2025-09-07,West,Smartphone,Website,New,1,542.33,0.05,515.21,3
ORD-01173,2025-09-07,East,Headphones,Retail Store,New,3,71.11,0.0,213.32,5
ORD-00989,2025-09-07,Central,Laptop,Website,Returning,1,764.76,0.0,764.76,4
ORD-00021,2025-09-08,South,Smartphone,Marketplace,New,1,563.6,0.0,563.6,5
ORD-00914,2025-09-09,Central,Headphones,Marketplace,Returning,2,81.44,0.0,162.88,3
ORD-00341,2025-09-09,West,Tablet,Mobile App,New,3,309.48,0.05,882.03,4
ORD-00508,2025-09-09,East,Laptop,Mobile App,Returning,4,643.21,0.1,2315.56,6
ORD-00350,2025-09-10,South,Smartphone,Marketplace,New,2,511.88,0.05,972.58,2
ORD-00014,2025-09-10,East,Smartphone,Website,Returning,4,537.15,0.0,2148.58,3
ORD-00875,2025-09-10,South,Keyboard,Website,New,3,40.79,0.0,122.37,2
ORD-00505,2025-09-10,Central,Keyboard,Website,New,4,46.78,0.05,177.76,2
ORD-00133,2025-09-11,South,Monitor,Retail Store,New,4,252.22,0.1,908.0,5
ORD-00068,2025-09-12,South,Headphones,Website,Returning,4,77.25,0.05,293.54,4
ORD-01175,2025-09-12,Central,Headphones,Mobile App,Returning,3,86.22,0.15,219.87,5
ORD-01085,2025-09-12,East,Laptop,Mobile App,Returning,3,843.55,0.1,2277.59,5
ORD-00361,2025-09-12,East,Tablet,Website,New,3,353.75,0.1,955.11,4
ORD-00755,2025-09-12,West,Tablet,Marketplace,New,4,310.89,0.0,1243.56,5
ORD-00180,2025-09-13,Central,Tablet,Website,New,1,345.01,0.05,327.76,2
ORD-00015,2025-09-13,South,Smartphone,Mobile App,Returning,1,483.08,0.15,410.62,4
ORD-00917,2025-09-13,West,Headphones,Retail Store,Returning,2,89.46,0.0,178.92,3
ORD-00949,2025-09-13,South,Laptop,Marketplace,Returning,1,747.47,0.0,747.47,3
ORD-00741,2025-09-13,West,Keyboard,Website,New,1,47.94,0.05,45.55,1
ORD-00030,2025-09-14,East,Smartphone,Website,New,2,545.77,0.2,873.23,6
ORD-00821,2025-09-14,East,Smartphone,Mobile App,New,2,549.5,0.05,1044.06,1
ORD-00256,2025-09-14,West,Headphones,Website,Returning,4,90.7,0.05,344.65,5
ORD-00763,2025-09-14,East,Headphones,Website,Returning,2,77.19,0.05,146.65,6
ORD-00308,2025-09-14,North,Smartphone,Marketplace,New,1,501.33,0.0,501.33,1
ORD-00892,2025-09-15,West,Keyboard,Marketplace,Returning,1,45.68,0.05,43.4,3
ORD-01149,2025-09-15,East,Keyboard,Mobile App,Returning,4,43.97,0.1,158.3,5
ORD-01023,2025-09-15,North,Headphones,Mobile App,Returning,1,81.81,0.2,65.45,5
ORD-00600,2025-09-16,East,Smartphone,Retail Store,Returning,1,536.32,0.1,482.69,5
ORD-00513,2025-09-16,East,Headphones,Website,New,2,74.17,0.1,133.5,1
ORD-00780,2025-09-16,North,Headphones,Marketplace,Returning,3,83.85,0.0,251.56,4
ORD-00121,2025-09-17,North,Laptop,Retail Store,Returning,2,827.19,0.1,1488.94,3
ORD-01018,2025-09-17,Central,Smartphone,Website,New,3,420.76,0.1,1136.06,6
ORD-01016,2025-09-18,East,Smartphone,Mobile App,New,3,552.63,0.05,1574.99,2
ORD-00647,2025-09-18,East,Headphones,Retail Store,New,3,81.61,0.05,232.59,4
ORD-00534,2025-09-18,West,Tablet,Mobile App,New,4,343.83,0.2,1100.26,1
ORD-00255,2025-09-18,East,Laptop,Mobile App,Returning,2,717.97,0.15,1220.54,5
ORD-01111,2025-09-19,Central,Laptop,Website,Returning,3,795.91,0.0,2387.72,6
ORD-00897,2025-09-19,Central,Monitor,Website,New,2,256.27,0.05,486.91,5
ORD-00101,2025-09-19,Central,Monitor,Website,Returning,1,235.11,0.1,211.6,3
ORD-00803,2025-09-19,West,Monitor,Website,Returning,3,268.16,0.1,724.02,2
ORD-00492,2025-09-20,North,Smartphone,Mobile App,Returning,4,504.95,0.05,1918.79,5
ORD-00156,2025-09-20,East,Headphones,Marketplace,Returning,4,91.91,0.2,294.13,2
ORD-00843,2025-09-20,Central,Keyboard,Website,Returning,4,47.42,0.1,170.7,5
ORD-00413,2025-09-20,East,Laptop,Website,Returning,4,784.89,0.0,3139.56,6
ORD-01021,2025-09-21,West,Headphones,Mobile App,Returning,4,89.39,0.1,321.8,4
ORD-01065,2025-09-21,West,Laptop,Marketplace,Returning,3,785.94,0.1,2122.03,4
ORD-01068,2025-09-21,North,Laptop,Retail Store,New,2,780.15,0.1,1404.27,5
ORD-00041,2025-09-22,North,Keyboard,Website,New,3,44.45,0.0,133.36,6
ORD-00820,2025-09-22,West,Laptop,Mobile App,Returning,3,945.03,0.1,2551.58,5
ORD-00831,2025-09-23,South,Headphones,Mobile App,Returning,1,92.98,0.2,74.38,1
ORD-01135,2025-09-23,West,Keyboard,Mobile App,Returning,1,46.19,0.1,41.57,4
ORD-00345,2025-09-24,West,Laptop,Retail Store,Returning,4,808.01,0.0,3232.04,6
ORD-00231,2025-09-24,West,Smartphone,Mobile App,Returning,3,471.6,0.1,1273.32,2
ORD-00400,2025-09-24,East,Laptop,Website,New,3,861.71,0.15,2197.37,3
ORD-00436,2025-09-24,South,Smartphone,Website,New,1,555.28,0.0,555.28,6
ORD-00871,2025-09-25,Central,Laptop,Website,New,4,809.19,0.0,3236.78,6
ORD-01043,2025-09-26,South,Headphones,Website,New,2,93.51,0.05,177.67,5
ORD-00201,2025-09-26,East,Keyboard,Retail Store,New,2,43.7,0.0,87.39,1
ORD-00857,2025-09-26,North,Tablet,Retail Store,Returning,2,285.44,0.0,570.89,6
ORD-00888,2025-09-28,Central,Tablet,Mobile App,New,2,319.37,0.0,638.75,1
ORD-00017,2025-09-28,East,Headphones,Mobile App,Returning,3,88.83,0.0,266.5,5
ORD-00478,2025-09-28,Central,Smartphone,Retail Store,Returning,3,564.78,0.15,1440.2,1
ORD-00465,2025-09-28,Central,Smartphone,Website,Returning,3,451.26,0.1,1218.4,4
ORD-00998,2025-09-29,Central,Keyboard,Website,Returning,3,44.67,0.2,107.21,4
ORD-00654,2025-09-29,North,Headphones,Mobile App,Returning,3,91.76,0.15,234.0,4
ORD-00077,2025-09-29,North,Smartphone,Marketplace,Returning,2,519.53,0.0,1039.07,6
ORD-00016,2025-09-30,Central,Laptop,Mobile App,New,-1,766.86,0.05,-728.52,5
ORD-00090,2025-09-30,South,Laptop,Retail Store,Returning,3,695.06,0.15,1772.4,2
ORD-00887,2025-09-30,West,Monitor,Marketplace,New,4,233.38,0.2,746.82,2
ORD-00964,2025-09-30,South,Smartphone,Website,New,2,527.87,0.15,897.39,6
ORD-00562,2025-09-30,North,Tablet,Website,New,4,291.74,0.15,991.91,4
ORD-00824,2025-09-30,North,Laptop,Website,Returning,3,814.57,0.1,2199.33,6
ORD-00516,2025-10-01,South,Headphones,Website,New,3,85.89,0.05,244.79,4
ORD-00155,2025-10-01,West,Headphones,Mobile App,New,3,77.2,0.0,231.61,4
ORD-00844,2025-10-01,North,Monitor,Retail Store,Returning,1,229.58,0.1,206.63,5
ORD-00186,2025-10-01,Central,Laptop,Marketplace,Returning,4,807.63,0.2,2584.4,5
ORD-00666,2025-10-01,West,Smartphone,Marketplace,New,3,541.0,0.0,1623.0,2
ORD-01047,2025-10-01,South,Smartphone,Marketplace,New,2,530.79,0.0,1061.58,3
ORD-01032,2025-10-01,West,Keyboard,Mobile App,Returning,1,36.68,0.1,33.01,2
ORD-00787,2025-10-02,South,Headphones,Mobile App,Returning,1,82.67,0.05,78.54,5
ORD-00837,2025-10-02,North,Keyboard,Website,New,4,42.53,0.15,144.59,2
ORD-00426,2025-10-02,East,Smartphone,Marketplace,Returning,3,525.99,0.05,1499.07,2
ORD-00536,2025-10-03,North,Smartphone,Marketplace,New,4,513.52,0.05,1951.36,5
ORD-00005,2025-10-04,Central,Headphones,Mobile App,Returning,1,66.28,0.05,62.97,4
ORD-00533,2025-10-04,North,Monitor,Retail Store,Returning,3,238.86,0.1,644.92,6
ORD-00584,2025-10-04,West,Monitor,Mobile App,Returning,2,255.54,0.1,459.96,3
ORD-00936,2025-10-04,North,Smartphone,Marketplace,Returning,2,525.13,0.1,945.23,3
ORD-01083,2025-10-04,Central,Laptop,Mobile App,Returning,3,833.55,0.0,2500.64,4
ORD-00114,2025-10-04,East,Tablet,Website,Returning,3,375.25,0.0,1125.75,1
ORD-01151,2025-10-04,North,Keyboard,Website,Returning,4,45.37,0.15,154.25,6
ORD-00259,2025-10-05,North,Smartphone,Mobile App,New,4,527.22,0.0,2108.9,3
ORD-01094,2025-10-05,South,Keyboard,Mobile App,New,3,46.48,0.0,139.45,3
ORD-00078,2025-10-05,East,Smartphone,Website,New,1,547.77,0.15,465.6,5
ORD-00939,2025-10-05,East,Tablet,Website,Returning,4,338.13,0.1,1217.25,3
ORD-00902,2025-10-05,East,Monitor,Mobile App,New,1,222.97,0.0,222.97,5
ORD-01041,2025-10-06,North,Keyboard,Mobile App,Returning,4,42.62,0.1,153.43,4
ORD-01182,2025-10-07,North,Headphones,Website,Returning,3,88.12,0.0,264.35,3
ORD-00290,2025-10-07,North,Smartphone,Mobile App,Returning,1,501.72,0.1,451.55,3
ORD-00031,2025-10-07,North,Smartphone,Retail Store,New,1,426.03,0.1,383.43,2
ORD-00260,2025-10-07,North,Monitor,Website,New,4,246.62,0.1,887.82,1
ORD-00500,2025-10-07,South,Laptop,Website,Returning,2,809.15,0.05,1537.39,5
ORD-00599,2025-10-08,West,Smartphone,Website,New,3,517.99,0.05,1476.28,6
ORD-00598,2025-10-08,South,Monitor,Retail Store,Returning,2,220.2,0.05,418.38,3
ORD-01102,2025-10-08,North,Monitor,Mobile App,Returning,1,255.03,0.15,216.77,5
ORD-00435,2025-10-08,South,Laptop,Marketplace,New,4,811.23,0.05,3082.69,2
ORD-00635,2025-10-09,West,Monitor,Retail Store,New,2,227.98,0.0,455.95,6
ORD-00657,2025-10-09,East,Laptop,Retail Store,New,4,843.45,0.0,3373.79,1
ORD-00762,2025-10-09,West,Headphones,Mobile App,New,1,88.9,0.0,88.9,3
ORD-00297,2025-10-10,East,Monitor,Website,New,2,214.34,0.05,407.25,2
ORD-00147,2025-10-10,East,Smartphone,Retail Store,Returning,2,567.95,0.0,1135.9,2
ORD-00575,2025-10-10,West,Monitor,Mobile App,Returning,4,263.58,0.1,948.87,3
ORD-01120,2025-10-11,Central,Headphones,Mobile App,New,1,82.33,0.05,78.22,6
ORD-00042,2025-10-11,West,Laptop,Mobile App,New,4,746.27,0.0,2985.08,4
ORD-00609,2025-10-12,South,Headphones,Retail Store,Returning,2,77.79,0.1,140.02,5
ORD-00238,2025-10-12,Central,Keyboard,Mobile App,New,4,51.96,0.0,207.83,2
ORD-00896,2025-10-12,West,Headphones,Marketplace,Returning,2,83.75,0.15,142.37,6
ORD-00142,2025-10-12,East,Headphones,Mobile App,New,4,80.79,0.0,323.16,3
ORD-00752,2025-10-13,North,Headphones,Mobile App,New,2,76.76,0.05,145.85,4
ORD-00284,2025-10-13,East,Keyboard,Mobile App,Returning,4,47.02,0.15,159.87,4
ORD-00053,2025-10-13,West,Monitor,Website,New,3,275.56,0.0,826.68,1
ORD-00552,2025-10-13,North,Monitor,Website,New,1,219.8,0.1,197.82,2
ORD-00445,2025-10-13,South,Tablet,Marketplace,New,1,319.99,0.2,255.99,5
ORD-01042,2025-10-14,North,Headphones,Mobile App,Returning,4,78.19,0.1,281.48,6
ORD-00559,2025-10-14,North,Monitor,Retail Store,Returning,3,225.03,0.05,641.34,3
ORD-00204,2025-10-14,North,Tablet,Website,New,2,342.69,0.2,548.31,1
ORD-00577,2025-10-14,West,Laptop,Retail Store,Returning,1,842.02,0.05,799.92,5
ORD-00725,2025-10-14,East,Smartphone,Website,Returning,1,457.63,0.2,366.1,2
ORD-00839,2025-10-14,West,Monitor,Mobile App,New,1,246.09,0.05,233.79,1
ORD-00979,2025-10-14,South,Tablet,Mobile App,New,2,314.76,0.05,598.04,6
ORD-00273,2025-10-15,South,Headphones,Website,New,2,80.4,0.15,136.67,4
ORD-01054,2025-10-15,South,Monitor,Retail Store,New,2,231.16,0.1,416.08,4
ORD-00932,2025-10-15,East,Monitor,Website,New,4,260.88,0.05,991.35,3
ORD-01048,2025-10-16,Central,Headphones,Mobile App,Returning,4,82.81,0.0,331.24,5
ORD-00333,2025-10-16,South,Laptop,Retail Store,Returning,2,823.82,0.15,1400.49,1
ORD-00058,2025-10-16,North,Monitor,Mobile App,New,3,260.03,0.1,702.08,4
ORD-00420,2025-10-17,West,Smartphone,Mobile App,Returning,2,555.72,0.15,944.73,1
ORD-00007,2025-10-17,North,Keyboard,Retail Store,Returning,3,53.82,0.1,145.31,4
ORD-00280,2025-10-17,North,Tablet,Website,New,4,302.95,0.05,1151.21,6
ORD-00210,2025-10-18,East,Smartphone,Mobile App,New,2,484.79,0.0,969.57,1
ORD-00550,2025-10-18,North,Smartphone,Website,New,3,466.74,0.1,1260.19,6
ORD-00493,2025-10-18,West,Headphones,Marketplace,Returning,1,92.77,0.0,92.77,2
ORD-00679,2025-10-19,Central,Monitor,Retail Store,New,2,255.81,0.0,511.62,2
ORD-00485,2025-10-19,West,Smartphone,Website,New,4,568.61,0.0,2274.45,1
ORD-01109,2025-10-19,East,Headphones,Website,Returning,3,87.79,0.15,223.86,2
ORD-00631,2025-10-19,South,Smartphone,Retail Store,New,2,532.87,0.05,1012.45,6
ORD-00507,2025-10-19,East,Tablet,Mobile App,Returning,1,325.02,0.15,276.27,1
ORD-01055,2025-10-20,Central,Keyboard,Mobile App,Returning,1,43.91,0.1,39.52,5
ORD-00978,2025-10-20,East,Monitor,Mobile App,Returning,1,234.26,0.1,210.83,3
ORD-00852,2025-10-20,Central,Keyboard,Mobile App,New,2,49.29,0.2,78.86,4
ORD-00450,2025-10-20,West,Smartphone,Website,Returning,4,521.39,0.0,2085.56,6
ORD-00670,2025-10-20,South,Smartphone,Mobile App,Returning,1,623.28,0.1,560.95,2
ORD-00881,2025-10-20,South,Smartphone,Mobile App,Returning,3,476.19,0.0,1428.58,2
ORD-00477,2025-10-20,East,Smartphone,Mobile App,Returning,1,491.04,0.1,441.94,6
ORD-00070,2025-10-20,East,Laptop,Website,Returning,4,769.5,0.05,2924.1,6
ORD-00698,2025-10-20,South,Keyboard,Mobile App,Returning,2,42.46,0.0,84.91,3
ORD-00188,2025-10-20,South,Keyboard,Retail Store,New,4,48.55,0.05,184.47,3
ORD-01078,2025-10-20,South,Smartphone,Mobile App,Returning,2,466.46,0.05,886.27,1
ORD-00817,2025-10-22,East,Keyboard,Mobile App,Returning,2,49.12,0.0,98.24,6
ORD-00394,2025-10-22,Central,Laptop,Marketplace,New,1,767.34,0.0,767.34,5
ORD-00110,2025-10-22,South,Keyboard,Retail Store,New,4,40.25,0.05,152.93,1
ORD-00423,2025-10-23,West,Laptop,Mobile App,Returning,1,734.99,0.05,698.24,6
ORD-00181,2025-10-23,South,Headphones,Mobile App,Returning,1,83.86,0.0,83.86,1
ORD-01045,2025-10-23,East,Smartphone,Marketplace,New,4,610.91,0.05,2321.48,6
ORD-00930,2025-10-23,East,Smartphone,Marketplace,Returning,4,494.01,0.15,1679.63,2
ORD-01093,2025-10-24,Central,Laptop,Marketplace,Returning,3,759.08,0.0,2277.23,5
ORD-00279,2025-10-24,South,Laptop,Retail Store,New,3,833.51,0.15,2125.44,1
ORD-00018,2025-10-24,East,Tablet,Website,New,3,308.44,0.15,786.53,6
ORD-00313,2025-10-24,East,Keyboard,Marketplace,Returning,3,46.71,0.0,140.14,6
ORD-01053,2025-10-24,Central,Monitor,Website,New,2,242.71,0.1,436.88,5
ORD-00858,2025-10-24,North,Tablet,Retail Store,Returning,1,321.4,0.1,289.26,2
ORD-00554,2025-10-25,North,Tablet,Website,Returning,1,324.73,0.1,292.25,5
ORD-00812,2025-10-25,East,Tablet,Website,Returning,4,315.61,0.1,1136.19,3
ORD-00712,2025-10-25,South,Keyboard,Retail Store,Returning,3,49.43,0.0,148.3,6
ORD-00182,2025-10-26,North,Tablet,Marketplace,Returning,4,328.25,0.05,1247.34,5
ORD-00200,2025-10-27,South,Smartphone,Marketplace,New,3,542.29,0.1,1464.19,3
ORD-00709,2025-10-27,South,Monitor,Website,Returning,3,264.75,0.05,754.53,2
ORD-00405,2025-10-27,West,Monitor,Mobile App,Returning,1,245.23,0.15,208.45,5
ORD-00556,2025-10-27,East,Headphones,Website,New,3,85.87,0.05,244.73,2
ORD-00594,2025-10-28,South,Smartphone,Website,New,1,579.97,0.05,550.98,6
ORD-00901,2025-10-28,South,Keyboard,Mobile App,Returning,2,39.94,0.05,75.89,2
ORD-00819,2025-10-28,East,Headphones,Retail Store,Returning,3,83.22,0.1,224.7,2
ORD-00784,2025-10-29,North,Smartphone,Website,Returning,4,517.38,0.1,1862.56,4
ORD-00727,2025-10-29,North,Laptop,Website,Returning,2,742.78,0.2,1188.45,1
ORD-00522,2025-10-29,North,Smartphone,Website,Returning,4,521.28,0.1,1876.62,1
ORD-00563,2025-10-29,South,Smartphone,Website,New,2,509.15,0.2,814.64,4
ORD-00398,2025-10-29,East,Smartphone,Mobile App,New,4,506.38,0.05,1924.25,5
ORD-00842,2025-10-30,North,Headphones,Marketplace,Returning,3,81.51,0.05,232.32,6
ORD-00035,2025-10-31,East,Laptop,Website,New,4,814.2,0.05,3093.98,5
ORD-00718,2025-10-31,North,Headphones,Website,New,4,93.92,0.05,356.91,4
ORD-00245,2025-11-01,West,Headphones,Retail Store,New,3,82.38,0.2,197.72,4
ORD-01134,2025-11-01,East,Laptop,Website,New,4,751.39,0.05,2855.28,2
ORD-00203,2025-11-02,East,Monitor,Website,Returning,2,246.66,0.1,443.98,1
ORD-00050,2025-11-02,North,Monitor,Mobile App,New,3,254.41,0.1,686.91,6
ORD-00514,2025-11-02,South,Headphones,Marketplace,Returning,1,80.87,0.1,72.78,2
ORD-00051,2025-11-02,Central,Tablet,Website,Returning,1,320.67,0.05,304.64,3
ORD-00846,2025-11-02,West,Monitor,Website,Returning,2,190.67,0.15,324.14,4
ORD-00287,2025-11-02,North,Keyboard,Mobile App,Returning,4,45.89,0.05,174.39,4
ORD-00157,2025-11-02,South,Laptop,Retail Store,Returning,4,815.2,0.05,3097.76,3
ORD-01159,2025-11-02,South,Headphones,Retail Store,Returning,4,86.82,0.0,347.29,2
ORD-00322,2025-11-03,South,Smartphone,Marketplace,Returning,4,512.73,0.1,1845.84,5
ORD-00339,2025-11-04,North,Keyboard,Mobile App,Returning,4,44.8,0.05,170.22,1
ORD-01138,2025-11-04,South,Headphones,Retail Store,New,1,73.45,0.1,66.11,5
ORD-00419,2025-11-04,North,Monitor,Marketplace,Returning,2,256.23,0.05,486.83,1
ORD-01009,2025-11-04,West,Keyboard,Retail Store,Returning,4,43.92,0.0,175.69,5
ORD-00161,2025-11-04,West,Tablet,Retail Store,New,4,372.76,0.0,1491.06,3
ORD-00940,2025-11-05,East,Keyboard,Marketplace,Returning,3,44.8,0.0,134.4,1
ORD-01118,2025-11-06,South,Monitor,Website,Returning,2,243.24,0.1,437.84,5
ORD-00720,2025-11-06,North,Laptop,Retail Store,Returning,1,863.06,0.0,863.06,1
ORD-01086,2025-11-06,South,Headphones,Marketplace,Returning,4,76.66,0.0,306.66,3
ORD-00294,2025-11-06,North,Laptop,Retail Store,New,2,847.57,0.0,1695.14,5
ORD-00924,2025-11-07,South,Laptop,Website,Returning,4,821.29,0.05,3120.9,6
ORD-00963,2025-11-07,Central,Tablet,Mobile App,New,1,303.14,0.0,303.14,2
ORD-00874,2025-11-08,Central,Monitor,Mobile App,New,2,244.73,0.0,489.45,3
ORD-00823,2025-11-08,West,Headphones,Mobile App,Returning,2,91.74,0.0,183.47,5
ORD-00662,2025-11-08,Central,Smartphone,Website,Returning,1,516.19,0.0,516.19,4
ORD-01061,2025-11-08,South,Monitor,Retail Store,New,1,233.57,0.1,210.22,3
ORD-00782,2025-11-08,South,Keyboard,Mobile App,New,3,43.01,0.05,122.58,3
ORD-00572,2025-11-08,Central,Keyboard,Mobile App,New,1,36.56,0.05,34.73,1
ORD-01171,2025-11-09,South,Tablet,Mobile App,Returning,1,306.62,0.0,306.62,4
ORD-01092,2025-11-09,North,Headphones,Retail Store,Returning,2,88.71,0.1,159.68,2
ORD-00553,2025-11-09,North,Headphones,Retail Store,Returning,1,77.75,0.05,73.87,1
ORD-01035,2025-11-09,East,Monitor,Website,New,4,232.72,0.15,791.24,2
ORD-00705,2025-11-09,East,Tablet,Mobile App,New,4,324.78,0.15,1104.25,6
ORD-00690,2025-11-09,West,Tablet,Retail Store,New,4,325.87,0.1,1173.13,4
ORD-00833,2025-11-10,South,Headphones,Mobile App,Returning,4,75.41,0.0,301.62,6
ORD-00301,2025-11-10,West,Headphones,Retail Store,New,2,88.98,0.0,177.96,3
ORD-00102,2025-11-10,East,Smartphone,Mobile App,Returning,4,546.44,0.15,1857.9,6
ORD-00754,2025-11-11,Central,Smartphone,Marketplace,New,4,552.84,0.0,2211.37,5
ORD-00667,2025-11-11,South,Headphones,Retail Store,Returning,4,82.78,0.15,281.46,2
ORD-00790,2025-11-12,North,Smartphone,Mobile App,New,3,540.8,0.0,1622.4,2
ORD-00797,2025-11-12,North,Monitor,Website,New,4,222.77,0.05,846.52,5
ORD-00062,2025-11-12,North,Headphones,Mobile App,New,3,75.11,0.05,214.06,4
ORD-00798,2025-11-13,East,Laptop,Retail Store,Returning,4,774.89,0.15,2634.61,1
ORD-00326,2025-11-14,East,Laptop,Marketplace,Returning,1,812.79,0.05,772.15,1
ORD-00216,2025-11-14,West,Smartphone,Website,Returning,4,531.72,0.15,1807.84,5
ORD-00344,2025-11-15,North,Monitor,Website,New,1,249.19,0.15,211.81,3
ORD-00487,2025-11-15,South,Headphones,Website,New,4,78.37,0.05,297.81,3
ORD-00202,2025-11-15,East,Keyboard,Mobile App,Returning,1,42.45,0.05,40.33,6
ORD-00601,2025-11-16,West,Headphones,Website,New,4,83.74,0.1,301.46,3
ORD-00788,2025-11-17,Central,Laptop,Retail Store,New,1,804.38,0.0,804.38,3
ORD-00742,2025-11-18,Central,Keyboard,Marketplace,New,2,43.0,0.1,77.4,1
ORD-00148,2025-11-18,East,Laptop,Retail Store,New,3,667.67,0.1,1802.7,3
ORD-00404,2025-11-19,West,Laptop,Mobile App,New,4,698.05,0.0,2792.2,3
ORD-01183,2025-11-19,West,Headphones,Mobile App,New,2,81.44,0.1,146.59,3
ORD-00408,2025-11-19,South,Monitor,Website,New,2,241.9,0.0,483.79,3
ORD-00056,2025-11-20,North,Monitor,Website,Returning,4,254.54,0.2,814.53,2
ORD-00587,2025-11-20,West,Tablet,Mobile App,New,3,328.01,0.0,984.02,1
ORD-01011,2025-11-20,South,Headphones,Marketplace,Returning,2,89.72,0.1,161.5,4
ORD-01121,2025-11-21,North,Keyboard,Mobile App,New,4,43.84,0.1,157.82,1
ORD-00443,2025-11-22,North,Headphones,Website,Returning,4,83.02,0.0,332.07,5
ORD-00119,2025-11-22,East,Laptop,Website,Returning,2,849.53,0.0,1699.07,2
ORD-00163,2025-11-22,East,Smartphone,Mobile App,Returning,2,489.08,0.05,929.25,2
ORD-00668,2025-11-22,Central,Tablet,Mobile App,Returning,1,324.28,0.1,291.85,1
ORD-00685,2025-11-22,East,Monitor,Retail Store,Returning,3,245.31,0.15,625.55,2
ORD-00878,2025-11-23,North,Keyboard,Mobile App,Returning,1,38.6,0.0,38.6,3
ORD-00697,2025-11-23,South,Tablet,Marketplace,New,4,365.77,0.2,1170.46,1
ORD-00433,2025-11-23,North,Tablet,Marketplace,Returning,2,358.47,0.15,609.4,6
ORD-00391,2025-11-23,West,Keyboard,Retail Store,Returning,1,43.97,0.1,39.58,2
ORD-00786,2025-11-23,Central,Monitor,Marketplace,Returning,2,238.39,0.15,405.27,4
ORD-00761,2025-11-25,South,Monitor,Marketplace,New,1,244.41,0.05,232.19,2
ORD-00026,2025-11-25,South,Monitor,Mobile App,New,2,262.51,0.2,420.02,2
ORD-01133,2025-11-25,West,Smartphone,Marketplace,New,4,512.0,0.1,1843.21,1
ORD-00088,2025-11-25,Central,Smartphone,Website,Returning,1,513.32,0.05,487.65,3
ORD-00781,2025-11-25,Central,Monitor,Marketplace,New,1,268.15,0.0,268.15,2
ORD-00605,2025-11-25,West,Smartphone,Website,New,3,576.81,0.15,1470.86,6
ORD-00604,2025-11-26,Central,Keyboard,Marketplace,Returning,2,44.68,0.05,84.89,4
ORD-00448,2025-11-26,Central,Keyboard,Marketplace,New,1,46.63,0.1,41.96,4
ORD-00613,2025-11-26,West,Headphones,Marketplace,Returning,4,84.78,0.1,305.2,2
ORD-00283,2025-11-26,East,Keyboard,Retail Store,New,1,48.74,0.05,46.3,1
ORD-00791,2025-11-26,North,Tablet,Marketplace,New,1,338.4,0.15,287.64,2
ORD-01062,2025-11-26,East,Headphones,Website,New,3,86.61,0.0,259.82,5
ORD-01073,2025-11-27,West,Keyboard,Mobile App,Returning,2,48.79,0.05,92.71,6
ORD-00628,2025-11-27,South,Smartphone,Retail Store,Returning,1,532.5,0.15,452.62,5
ORD-00304,2025-11-27,Central,Monitor,Retail Store,New,1,219.96,0.1,197.96,4
ORD-01071,2025-11-28,South,Smartphone,Mobile App,New,1,473.9,0.05,450.2,3
ORD-00701,2025-11-28,West,Keyboard,Mobile App,Returning,4,47.18,0.05,179.28,5
ORD-00211,2025-11-28,North,Smartphone,Mobile App,Returning,4,581.69,0.05,2210.41,1
ORD-00922,2025-11-28,West,Tablet,Website,New,4,331.4,0.0,1325.6,1
ORD-01110,2025-11-28,East,Laptop,Website,New,4,811.11,0.0,3244.43,1
ORD-00154,2025-11-28,North,Headphones,Mobile App,Returning,4,85.38,0.15,290.28,1
ORD-00081,2025-11-28,Central,Laptop,Website,New,2,763.6,0.1,1374.49,4
ORD-00965,2025-11-29,West,Keyboard,Marketplace,New,1,43.96,0.1,39.56,6
ORD-00815,2025-11-30,South,Monitor,Website,New,4,273.56,0.15,930.1,6
ORD-00358,2025-11-30,North,Monitor,Marketplace,Returning,3,209.74,0.15,534.83,1
ORD-00464,2025-11-30,Central,Laptop,Marketplace,Returning,2,750.73,0.2,1201.17,2
ORD-00369,2025-12-01,West,Smartphone,Website,New,2,473.73,0.0,947.46,3
ORD-00329,2025-12-01,South,Headphones,Website,Returning,4,92.15,0.0,368.62,4
ORD-00956,2025-12-01,South,Smartphone,Website,Returning,1,469.34,0.1,422.41,4
ORD-00275,2025-12-01,East,Monitor,Website,Returning,1,235.08,0.0,235.08,3
ORD-01038,2025-12-01,East,Headphones,Mobile App,New,2,79.45,0.15,135.07,2
ORD-00422,2025-12-01,West,Smartphone,Marketplace,Returning,4,560.06,0.0,2240.24,2
ORD-00944,2025-12-02,East,Smartphone,Website,New,3,471.12,0.0,1413.35,2
ORD-00995,2025-12-02,North,Monitor,Website,New,2,242.97,0.15,413.04,4
ORD-00195,2025-12-02,West,Laptop,Website,New,1,769.89,0.1,692.9,2
ORD-00642,2025-12-03,North,Smartphone,Website,New,4,489.43,0.05,1859.83,2
ORD-00285,2025-12-03,North,Headphones,Website,Returning,4,89.56,0.1,322.42,4
ORD-00454,2025-12-03,South,Tablet,Website,New,3,364.72,0.0,1094.15,4
ORD-00441,2025-12-03,East,Smartphone,Mobile App,Returning,3,498.62,0.05,1421.07,3
ORD-00172,2025-12-03,,Headphones,Mobile App,Returning,1,82.14,0.15,69.82,2
ORD-00990,2025-12-04,East,Smartphone,Retail Store,New,2,510.08,0.0,1020.15,4
ORD-00462,2025-12-04,North,Smartphone,Mobile App,Returning,1,515.13,0.1,463.62,4
ORD-00468,2025-12-04,South,Tablet,Marketplace,New,1,307.51,0.15,261.38,2
ORD-01031,2025-12-04,Central,Smartphone,Mobile App,Returning,2,528.3,0.2,845.28,6
ORD-00360,2025-12-05,North,Smartphone,Website,New,4,550.77,0.05,2092.94,5
ORD-00117,2025-12-05,West,Monitor,Mobile App,New,4,240.8,0.1,866.88,5
ORD-00351,2025-12-05,North,Headphones,Mobile App,Returning,4,84.22,0.15,286.36,3
ORD-00768,2025-12-06,West,Headphones,Website,Returning,1,89.84,0.15,76.36,4
ORD-00937,2025-12-06,South,Keyboard,Retail Store,Returning,3,52.54,0.15,133.97,3
ORD-00905,2025-12-06,West,Tablet,Website,New,2,317.84,0.1,572.1,5
ORD-00796,2025-12-06,West,Keyboard,Website,Returning,3,50.4,0.1,136.07,5
ORD-01091,2025-12-06,Central,Tablet,Website,Returning,1,322.29,0.05,306.17,3
ORD-00254,2025-12-06,South,Smartphone,Retail Store,New,2,519.75,0.1,935.56,3
ORD-00269,2025-12-06,North,Smartphone,Marketplace,Returning,2,619.71,0.1,1115.48,6
ORD-00535,2025-12-06,Central,Monitor,Marketplace,New,2,237.44,0.1,427.4,6
ORD-00568,2025-12-07,Central,Headphones,Marketplace,Returning,3,92.32,0.05,263.12,4
ORD-00151,2025-12-07,West,Headphones,Website,Returning,2,84.26,0.05,160.1,6
ORD-01124,2025-12-08,West,Tablet,Website,New,2,353.4,0.0,706.79,4
ORD-00910,2025-12-08,East,Keyboard,Mobile App,Returning,2,41.01,0.2,65.62,6
ORD-01108,2025-12-08,Central,Keyboard,Website,New,1,44.51,0.05,42.28,2
ORD-00603,2025-12-09,West,Smartphone,Mobile App,Returning,3,527.44,0.2,1265.85,4
ORD-00376,2025-12-09,West,Tablet,Marketplace,New,1,352.75,0.0,352.75,1
ORD-00847,2025-12-09,Central,Monitor,Website,Returning,3,252.16,0.05,718.65,3
ORD-00586,2025-12-09,South,Laptop,Website,New,4,799.26,0.2,2557.63,6
ORD-00183,2025-12-09,West,Smartphone,Website,Returning,1,480.14,0.05,456.14,6
ORD-00629,2025-12-09,West,Smartphone,Retail Store,Returning,2,509.34,0.05,967.74,2
ORD-00113,2025-12-10,Central,Laptop,Mobile App,New,2,715.93,0.0,1431.87,6
ORD-00374,2025-12-10,Central,Headphones,Marketplace,Returning,1,84.79,0.15,72.07,1
ORD-00684,2025-12-10,North,Tablet,Retail Store,New,2,338.6,0.05,643.33,1
ORD-00282,2025-12-10,North,Laptop,Website,Returning,2,750.65,0.05,1426.23,3
ORD-00460,2025-12-11,North,Monitor,Mobile App,New,3,232.9,0.15,593.88,4
ORD-00470,2025-12-11,South,Headphones,Website,Returning,2,96.88,0.1,174.38,6
ORD-00311,2025-12-11,South,Keyboard,Mobile App,Returning,3,45.72,0.05,130.31,4
ORD-00840,2025-12-11,West,Tablet,Website,Returning,3,347.61,0.1,938.53,4
ORD-00074,2025-12-12,North,Keyboard,Marketplace,Returning,1,49.35,0.05,46.88,5
ORD-00935,2025-12-12,Central,Tablet,Website,New,4,331.96,0.1,1195.05,4
ORD-00544,2025-12-12,Central,Laptop,Marketplace,New,4,782.93,0.05,2975.12,3
ORD-00658,2025-12-12,South,Keyboard,Marketplace,Returning,2,37.61,0.05,71.46,2
ORD-00993,2025-12-12,North,Monitor,Marketplace,New,4,213.94,0.05,812.98,1
ORD-00410,2025-12-12,South,Headphones,Mobile App,Returning,2,87.69,0.0,175.38,2
ORD-01123,2025-12-13,West,Tablet,Website,New,3,364.8,0.1,984.97,6
ORD-00569,2025-12-13,West,Smartphone,Website,Returning,4,484.14,0.0,1936.55,5
ORD-00099,2025-12-13,East,Smartphone,Mobile App,New,2,504.37,0.0,1008.74,4
ORD-00702,2025-12-13,North,Smartphone,Mobile App,Returning,1,482.38,0.15,410.03,5
ORD-01034,2025-12-14,Central,Monitor,Mobile App,Returning,2,231.69,0.0,463.37,3
ORD-00403,2025-12-14,Central,Headphones,Retail Store,New,3,102.69,0.05,292.67,6
ORD-00734,2025-12-14,South,Smartphone,Retail Store,New,4,478.41,0.1,1722.27,6
ORD-01105,2025-12-14,Central,Laptop,Mobile App,Returning,2,697.08,0.0,1394.17,5
ORD-00928,2025-12-15,North,Keyboard,Website,Returning,4,36.9,0.15,125.47,4
ORD-01119,2025-12-15,South,Keyboard,Website,Returning,4,45.31,0.15,154.06,2
ORD-00619,2025-12-16,North,Tablet,Website,New,4,285.78,0.1,1028.82,1
ORD-00277,2025-12-16,East,Monitor,Mobile App,New,4,256.64,0.0,1026.56,5
ORD-00571,2025-12-16,East,Headphones,Marketplace,Returning,1,82.04,0.05,77.94,4
ORD-00192,2025-12-16,South,Smartphone,Retail Store,Returning,4,567.53,0.0,2270.14,6
ORD-01001,2025-12-17,West,Smartphone,Retail Store,Returning,2,497.07,0.1,894.72,4
ORD-01080,2025-12-17,East,Laptop,Mobile App,Returning,3,829.3,0.1,2239.1,5
ORD-00024,2025-12-17,Central,Monitor,Website,New,1,260.4,0.0,260.4,6
ORD-01012,2025-12-17,South,Headphones,Mobile App,New,1,89.25,0.05,84.79,4
ORD-01036,2025-12-17,West,Monitor,Mobile App,Returning,3,266.17,0.05,758.58,6
ORD-00315,2025-12-17,East,Laptop,Marketplace,Returning,1,826.4,0.1,743.76,6
ORD-00168,2025-12-17,North,Headphones,Website,Returning,3,87.87,0.05,250.43,3
ORD-00108,2025-12-17,East,Smartphone,Website,New,3,526.58,0.15,1342.78,4
ORD-01098,2025-12-19,Central,Headphones,Mobile App,New,4,89.02,0.2,284.87,6
ORD-00237,2025-12-19,East,Laptop,Website,New,1,720.12,0.2,576.1,4
ORD-00952,2025-12-20,Central,Smartphone,Mobile App,Returning,3,544.38,0.1,1469.82,6
ORD-00646,2025-12-20,West,Laptop,Retail Store,Returning,1,778.52,0.15,661.74,3
ORD-00306,2025-12-20,West,Smartphone,Website,Returning,1,599.66,0.1,539.69,4
ORD-00898,2025-12-20,West,Keyboard,Mobile App,New,2,45.75,0.2,73.2,4
ORD-00461,2025-12-21,West,Monitor,Mobile App,New,3,244.46,0.05,696.7,3
ORD-00169,2025-12-21,East,Smartphone,Marketplace,Returning,3,456.25,0.1,1231.88,2
ORD-00830,2025-12-22,Central,Tablet,Mobile App,Returning,1,325.4,0.05,309.13,6
ORD-00392,2025-12-22,South,Keyboard,Retail Store,New,1,39.33,0.05,37.36,4
ORD-00861,2025-12-23,East,Tablet,Marketplace,New,2,294.75,0.15,501.07,3
ORD-00399,2025-12-23,East,Smartphone,Website,Returning,1,524.11,0.0,524.11,6
ORD-01131,2025-12-23,East,Headphones,Marketplace,Returning,1,70.96,0.15,60.32,5
ORD-00288,2025-12-24,East,Tablet,Mobile App,New,3,338.38,0.2,812.11,1
ORD-00218,2025-12-24,Central,Headphones,Marketplace,New,3,87.07,0.05,248.15,6
ORD-01129,2025-12-24,West,Headphones,Marketplace,New,4,79.28,0.1,285.42,1
ORD-00708,2025-12-24,East,Tablet,Website,New,1,305.94,0.0,305.94,3
ORD-00879,2025-12-25,East,Keyboard,Website,New,3,39.38,0.0,118.13,5
ORD-00330,2025-12-25,East,Tablet,Website,Returning,2,314.15,0.1,565.48,3
ORD-00093,2025-12-25,East,Tablet,Mobile App,New,1,282.09,0.05,267.98,2
ORD-00071,2025-12-26,South,Smartphone,Retail Store,New,1,551.75,0.05,524.16,3
ORD-01008,2025-12-26,West,Smartphone,Mobile App,Returning,2,515.28,0.1,927.51,4
ORD-00474,2025-12-27,West,Keyboard,Marketplace,New,3,45.25,0.05,128.97,2
ORD-00863,2025-12-27,South,Keyboard,Mobile App,New,1,45.14,0.1,40.63,6
ORD-00531,2025-12-27,North,Headphones,Mobile App,Returning,2,96.27,0.05,182.92,2
ORD-00325,2025-12-28,West,Laptop,Retail Store,New,3,852.98,0.1,2303.05,1
ORD-00906,2025-12-29,North,Tablet,Marketplace,New,3,311.41,0.05,887.53,6
ORD-00271,2025-12-29,North,Smartphone,Website,New,3,486.74,0.05,1387.21,4
ORD-00785,2025-12-29,South,Keyboard,Mobile App,New,2,44.34,0.0,88.69,2
ORD-00883,2025-12-30,South,Headphones,Retail Store,Returning,4,90.94,0.05,345.55,3
ORD-00149,2025-12-31,West,Monitor,Website,Returning,1,228.07,0.1,205.27,4
ORD-00392,2025-12-22,South,Keyboard,Retail Store,New,1,39.33,0.05,37.36,4
ORD-00201,2025-09-26,East,Keyboard,Retail Store,New,2,43.7,0.0,87.39,1
ORD-00749,2025-02-06,East,Tablet,Mobile App,Returning,3,345.27,0.0,1035.81,1
